PROVINCIA,DISTRITO,NIVEL_ACESSO_CUIDADOS_PRIMARIOS,NIVEL_ACESSO_HOSPITAL,NIVEL_ACESSO_EDUCACAO,NIVEL_DE_PRECOS,NIVEL_DE_VEGETACAO,NIVEL_DE_PRECIPITACAO,NIVEL_SEGURANCA_CIVIS,NIVEL_MANIFESTACOES,NIVEL_VIOLENCIA_POLITICA,NIVEL_PRE_NATAL,NIVEL_SEM_PRE_NATAL,NIVEL_PARTO_UNIDADE,NIVEL_PARTO_ASSISTIDO,NIVEL_POS_NATAL_MAE,NIVEL_POS_NATAL_BEBE,NIVEL_TRATAMENTO_DIARREIA,NIVEL_MULHERES_ENSINO,NIVEL_HOMENS_ENSINO,NIVEL_MULHERES_ALFABETIZADAS,NIVEL_HOMENS_ALFABETIZADOS,NIVEL_MULHERES_ANALFABETAS,NIVEL_HOMENS_ANALFABETAS,NIVEL_ACESSO_AEREO,NIVEL_FONTE_MELHORADA,NIVEL_AGUA_CANALIZADA,NIVEL_AGUA_NO_DOMICILIO,NIVEL_TRATAMENTO_ADEQUADO,NIVEL_FONTE_NAO_MELHORADA,NIVEL_RENDIMENTO,NIVEL_CHOQUE_PRECO_ALIMENTOS,NIVEL_CHOQUE_PRECO_COMBUSTIVEL,NIVEL_CHOQUE_PERDA_EMPREGO,NIVEL_CHOQUE_SECA,NIVEL_CHOQUE_CHEIAS,NIVEL_CHOQUE_DOENCA_MORTE,NIVEL_NECESSIDADE_ALIMENTOS,NIVEL_NECESSIDADE_DINHEIRO,NIVEL_DE_POBREZA
Cabo Delgado,Ancuabe,Alto,Alto,Médio,Muito Baixo,Muito Baixa,Muito Baixo,Muito Baixo,Muito Alto,Muito Baixo,Médio,Alto,Muito Baixo,Muito Baixo,Baixo,Baixo,Muito Alto,Muito Baixo,Muito Baixo,Muito Baixo,Muito Baixo,Baixo,Baixo,Alto,Médio,Alto,Baixo,Médio,Alto,Baixo,Baixo,Muito Baixo,Baixo,Muito Alto,Muito Alto,Baixo,Muito Baixo,Muito Baixo,Alta
Cabo Delgado,Balama,Muito Alto,Muito Baixo,Médio,Médio,Muito Baixa,Muito Baixo,Baixo,Muito Alto,Baixo,Médio,Alto,Muito Baixo,Muito Baixo,Baixo,Baixo,Muito Alto,Muito Baixo,Muito Baixo,Muito Baixo,Muito Baixo,Baixo,Baixo,Alto,Médio,Alto,Baixo,Médio,Alto,Baixo,Baixo,Muito Baixo,Baixo,Muito Alto,Muito Alto,Baixo,Muito Baixo,Muito Baixo,Alta
Cabo Delgado,Chiure,Alto,Alto,Alto,Médio,Muito Baixa,Muito Baixo,Muito Baixo,Muito Alto,Muito Baixo,Médio,Alto,Muito Baixo,Muito Baixo,Baixo,Baixo,Muito Alto,Muito Baixo,Muito Baixo,Muito Baixo,Muito Baixo,Baixo,Baixo,Alto,Médio,Alto,Baixo,Médio,Alto,Baixo,Baixo,Muito Baixo,Baixo,Muito Alto,Muito Alto,Baixo,Muito Baixo,Muito Baixo,Alta
Cabo Delgado,Cidade De Pemba,Muito Alto,Muito Alto,Muito Alto,Alto,Média,Baixo,Muito Baixo,Muito Alto,Muito Baixo,Médio,Alto,Muito Baixo,Muito Baixo,Baixo,Baixo,Muito Alto,Muito Baixo,Muito Baixo,Muito Baixo,Muito Baixo,Baixo,Baixo,Alto,Médio,Alto,Baixo,Médio,Alto,Baixo,Baixo,Muito Baixo,Baixo,Muito Alto,Muito Alto,Baixo,Muito Baixo,Muito Baixo,Alta
Cabo Delgado,Ibo,Muito Alto,Muito Alto,Muito Alto,Baixo,Muito Baixa,Muito Baixo,Muito Baixo,Muito Alto,Muito Baixo,Médio,Alto,Muito Baixo,Muito Baixo,Baixo,Baixo,Muito Alto,Muito Baixo,Muito Baixo,Muito Baixo,Muito Baixo,Baixo,Baixo,Alto,Médio,Alto,Baixo,Médio,Alto,Baixo,Baixo,Muito Baixo,Baixo,Muito Alto,Muito Alto,Baixo,Muito Baixo,Muito Baixo,Alta
Cabo Delgado,Macomia,Muito Alto,Muito Alto,Muito Alto,Baixo,Média,Baixo,Muito Baixo,Muito Alto,Muito Baixo,Médio,Alto,Muito Baixo,Muito Baixo,Baixo,Baixo,Muito Alto,Muito Baixo,Muito Baixo,Muito Baixo,Muito Baixo,Baixo,Baixo,Alto,Médio,Alto,Baixo,Médio,Alto,Baixo,Baixo,Muito Baixo,Baixo,Muito Alto,Muito Alto,Baixo,Muito Baixo,Muito Baixo,Alta
Cabo Delgado,Mecufi,Alto,Médio,Baixo,Muito Baixo,Baixa,Baixo,Médio,Muito Alto,Baixo,Médio,Alto,Muito Baixo,Muito Baixo,Baixo,Baixo,Muito Alto,Muito Baixo,Muito Baixo,Muito Baixo,Muito Baixo,Baixo,Baixo,Alto,Médio,Alto,Baixo,Médio,Alto,Baixo,Baixo,Muito Baixo,Baixo,Muito Alto,Muito Alto,Baixo,Muito Baixo,Muito Baixo,Alta
Cabo Delgado,Meluco,Alto,Médio,Baixo,Baixo,Muito Baixa,Muito Baixo,Muito Baixo,Muito Alto,Muito Baixo,Médio,Alto,Muito Baixo,Muito Baixo,Baixo,Baixo,Muito Alto,Muito Baixo,Muito Baixo,Muito Baixo,Muito Baixo,Baixo,Baixo,Alto,Médio,Alto,Baixo,Médio,Alto,Baixo,Baixo,Muito Baixo,Baixo,Muito Alto,Muito Alto,Baixo,Muito Baixo,Muito Baixo,Alta
Cabo Delgado,Metuge,Muito Alto,Muito Alto,Alto,Baixo,Muito Baixa,Muito Baixo,Muito Baixo,Muito Alto,Muito Baixo,Médio,Alto,Muito Baixo,Muito Baixo,Baixo,Baixo,Muito Alto,Muito Baixo,Muito Baixo,Muito Baixo,Muito Baixo,Baixo,Baixo,Alto,Médio,Alto,Baixo,Médio,Alto,Baixo,Baixo,Muito Baixo,Baixo,Muito Alto,Muito Alto,Baixo,Muito Baixo,Muito Baixo,Alta
Cabo Delgado,Mocimboa Da Praia,Alto,Muito Alto,Muito Alto,Baixo,Alta,Baixo,Muito Baixo,Muito Alto,Muito Baixo,Médio,Alto,Muito Baixo,Muito Baixo,Baixo,Baixo,Muito Alto,Muito Baixo,Muito Baixo,Muito Baixo,Muito Baixo,Baixo,Baixo,Alto,Médio,Alto,Baixo,Médio,Alto,Baixo,Baixo,Muito Baixo,Baixo,Muito Alto,Muito Alto,Baixo,Muito Baixo,Muito Baixo,Alta
Cabo Delgado,Montepuez,Muito Alto,Muito Alto,Alto,Muito Alto,Muito Baixa,Muito Baixo,Muito Baixo,Muito Alto,Muito Baixo,Médio,Alto,Muito Baixo,Muito Baixo,Baixo,Baixo,Muito Alto,Muito Baixo,Muito Baixo,Muito Baixo,Muito Baixo,Baixo,Baixo,Alto,Médio,Alto,Baixo,Médio,Alto,Baixo,Baixo,Muito Baixo,Baixo,Muito Alto,Muito Alto,Baixo,Muito Baixo,Muito Baixo,Alta
Cabo Delgado,Mueda,Muito Alto,Alto,Alto,Baixo,Baixa,Baixo,Baixo,Muito Alto,Muito Baixo,Médio,Alto,Muito Baixo,Muito Baixo,Baixo,Baixo,Muito Alto,Muito Baixo,Muito Baixo,Muito Baixo,Muito Baixo,Baixo,Baixo,Alto,Médio,Alto,Baixo,Médio,Alto,Baixo,Baixo,Muito Baixo,Baixo,Muito Alto,Muito Alto,Baixo,Muito Baixo,Muito Baixo,Alta
Cabo Delgado,Muidumbe,Alto,Médio,Baixo,Baixo,Muito Baixa,Muito Baixo,Muito Baixo,Muito Alto,Muito Baixo,Médio,Alto,Muito Baixo,Muito Baixo,Baixo,Baixo,Muito Alto,Muito Baixo,Muito Baixo,Muito Baixo,Muito Baixo,Baixo,Baixo,Alto,Médio,Alto,Baixo,Médio,Alto,Baixo,Baixo,Muito Baixo,Baixo,Muito Alto,Muito Alto,Baixo,Muito Baixo,Muito Baixo,Alta
Cabo Delgado,Namuno,Médio,Baixo,Muito Baixo,Baixo,Baixa,Muito Baixo,Médio,Muito Alto,Médio,Médio,Alto,Muito Baixo,Muito Baixo,Baixo,Baixo,Muito Alto,Muito Baixo,Muito Baixo,Muito Baixo,Muito Baixo,Baixo,Baixo,Alto,Médio,Alto,Baixo,Médio,Alto,Baixo,Baixo,Muito Baixo,Baixo,Muito Alto,Muito Alto,Baixo,Muito Baixo,Muito Baixo,Alta
Cabo Delgado,Nangade,Alto,Baixo,Baixo,Baixo,Muito Baixa,Muito Baixo,Muito Baixo,Muito Alto,Muito Baixo,Médio,Alto,Muito Baixo,Muito Baixo,Baixo,Baixo,Muito Alto,Muito Baixo,Muito Baixo,Muito Baixo,Muito Baixo,Baixo,Baixo,Alto,Médio,Alto,Baixo,Médio,Alto,Baixo,Baixo,Muito Baixo,Baixo,Muito Alto,Muito Alto,Baixo,Muito Baixo,Muito Baixo,Alta
Cabo Delgado,Palma,Muito Alto,Muito Alto,Médio,Baixo,Muito Baixa,Muito Baixo,Muito Baixo,Muito Alto,Muito Baixo,Médio,Alto,Muito Baixo,Muito Baixo,Baixo,Baixo,Muito Alto,Muito Baixo,Muito Baixo,Muito Baixo,Muito Baixo,Baixo,Baixo,Alto,Médio,Alto,Baixo,Médio,Alto,Baixo,Baixo,Muito Baixo,Baixo,Muito Alto,Muito Alto,Baixo,Muito Baixo,Muito Baixo,Alta
Cabo Delgado,Quissanga,Médio,Médio,Alto,Baixo,Muito Baixa,Muito Baixo,Muito Baixo,Muito Alto,Muito Baixo,Médio,Alto,Muito Baixo,Muito Baixo,Baixo,Baixo,Muito Alto,Muito Baixo,Muito Baixo,Muito Baixo,Muito Baixo,Baixo,Baixo,Alto,Médio,Alto,Baixo,Médio,Alto,Baixo,Baixo,Muito Baixo,Baixo,Muito Alto,Muito Alto,Baixo,Muito Baixo,Muito Baixo,Alta
Gaza,Bilene,Baixo,Baixo,Muito Baixo,Alto,Média,Baixo,Alto,Muito Alto,Alto,Alto,Alto,Alto,Alto,Muito Alto,Muito Alto,Baixo,Médio,Alto,Alto,Médio,Muito Alto,Médio,Médio,Alto,Muito Baixo,Alto,Muito Baixo,Muito Alto,Muito Baixo,Muito Alto,Muito Baixo,Alto,Muito Baixo,Médio,Baixo,Médio,Muito Alto,Muito Baixa
Gaza,Chibuto,Muito Alto,Médio,Alto,Muito Baixo,Muito Baixa,Muito Baixo,Alto,Muito Alto,Alto,Alto,Alto,Alto,Alto,Muito Alto,Muito Alto,Baixo,Médio,Alto,Alto,Médio,Muito Alto,Médio,Médio,Alto,Muito Baixo,Alto,Muito Baixo,Muito Alto,Muito Baixo,Muito Alto,Muito Baixo,Alto,Muito Baixo,Médio,Baixo,Médio,Muito Alto,Muito Baixa
Gaza,Chicualacuala,Muito Baixo,Alto,Médio,Alto,Muito Alta,Muito Alto,Muito Alto,Muito Alto,Muito Alto,Alto,Alto,Alto,Alto,Muito Alto,Muito Alto,Baixo,Médio,Alto,Alto,Médio,Muito Alto,Médio,Médio,Alto,Muito Baixo,Alto,Muito Baixo,Muito Alto,Muito Baixo,Muito Alto,Muito Baixo,Alto,Muito Baixo,Médio,Baixo,Médio,Muito Alto,Muito Baixa
Gaza,Chigubo,Muito Baixo,Alto,Médio,Alto,Alta,Médio,Muito Alto,Muito Alto,Alto,Alto,Alto,Alto,Alto,Muito Alto,Muito Alto,Baixo,Médio,Alto,Alto,Médio,Muito Alto,Médio,Médio,Alto,Muito Baixo,Alto,Muito Baixo,Muito Alto,Muito Baixo,Muito Alto,Muito Baixo,Alto,Muito Baixo,Médio,Baixo,Médio,Muito Alto,Muito Baixa
Gaza,Chokwe,Alto,Alto,Alto,Alto,Baixa,Muito Alto,Médio,Muito Alto,Médio,Alto,Alto,Alto,Alto,Muito Alto,Muito Alto,Baixo,Médio,Alto,Alto,Médio,Muito Alto,Médio,Médio,Alto,Muito Baixo,Alto,Muito Baixo,Muito Alto,Muito Baixo,Muito Alto,Muito Baixo,Alto,Muito Baixo,Médio,Baixo,Médio,Muito Alto,Muito Baixa
Gaza,Chongoene,Baixo,Alto,Médio,Alto,Alta,Médio,Médio,Muito Alto,Médio,Alto,Alto,Alto,Alto,Muito Alto,Muito Alto,Baixo,Médio,Alto,Alto,Médio,Muito Alto,Médio,Médio,Alto,Muito Baixo,Alto,Muito Baixo,Muito Alto,Muito Baixo,Muito Alto,Muito Baixo,Alto,Muito Baixo,Médio,Baixo,Médio,Muito Alto,Muito Baixa
Gaza,Cidade De Xai-Xai,Baixo,Muito Alto,Muito Alto,Baixo,Alta,Alto,Médio,Muito Alto,Médio,Alto,Alto,Alto,Alto,Muito Alto,Muito Alto,Baixo,Médio,Alto,Alto,Médio,Muito Alto,Médio,Médio,Alto,Muito Baixo,Alto,Muito Baixo,Muito Alto,Muito Baixo,Muito Alto,Muito Baixo,Alto,Muito Baixo,Médio,Baixo,Médio,Muito Alto,Muito Baixa
Gaza,Guija,Médio,Alto,Médio,Alto,Alta,Muito Alto,Alto,Muito Alto,Alto,Alto,Alto,Alto,Alto,Muito Alto,Muito Alto,Baixo,Médio,Alto,Alto,Médio,Muito Alto,Médio,Médio,Alto,Muito Baixo,Alto,Muito Baixo,Muito Alto,Muito Baixo,Muito Alto,Muito Baixo,Alto,Muito Baixo,Médio,Baixo,Médio,Muito Alto,Muito Baixa
Gaza,Limpopo,Muito Baixo,Médio,Médio,Alto,Muito Alta,Muito Alto,Muito Alto,Muito Alto,Alto,Alto,Alto,Alto,Alto,Muito Alto,Muito Alto,Baixo,Médio,Alto,Alto,Médio,Muito Alto,Médio,Médio,Alto,Muito Baixo,Alto,Muito Baixo,Muito Alto,Muito Baixo,Muito Alto,Muito Baixo,Alto,Muito Baixo,Médio,Baixo,Médio,Muito Alto,Muito Baixa
Gaza,Mabalane,Muito Baixo,Muito Baixo,Médio,Alto,Muito Alta,Médio,Alto,Muito Alto,Médio,Alto,Alto,Alto,Alto,Muito Alto,Muito Alto,Baixo,Médio,Alto,Alto,Médio,Muito Alto,Médio,Médio,Alto,Muito Baixo,Alto,Muito Baixo,Muito Alto,Muito Baixo,Muito Alto,Muito Baixo,Alto,Muito Baixo,Médio,Baixo,Médio,Muito Alto,Muito Baixa
Gaza,Mandlakaze,Muito Baixo,Alto,Médio,Alto,Muito Baixa,Médio,Alto,Muito Alto,Alto,Alto,Alto,Alto,Alto,Muito Alto,Muito Alto,Baixo,Médio,Alto,Alto,Médio,Muito Alto,Médio,Médio,Alto,Muito Baixo,Alto,Muito Baixo,Muito Alto,Muito Baixo,Muito Alto,Muito Baixo,Alto,Muito Baixo,Médio,Baixo,Médio,Muito Alto,Muito Baixa
Gaza,Mapai,Muito Baixo,Alto,Médio,Muito Baixo,Alta,Muito Alto,Alto,Muito Alto,Alto,Alto,Alto,Alto,Alto,Muito Alto,Muito Alto,Baixo,Médio,Alto,Alto,Médio,Muito Alto,Médio,Médio,Alto,Muito Baixo,Alto,Muito Baixo,Muito Alto,Muito Baixo,Muito Alto,Muito Baixo,Alto,Muito Baixo,Médio,Baixo,Médio,Muito Alto,Muito Baixa
Gaza,Massangena,Muito Baixo,Alto,Médio,Muito Alto,Média,Baixo,Alto,Muito Alto,Alto,Alto,Alto,Alto,Alto,Muito Alto,Muito Alto,Baixo,Médio,Alto,Alto,Médio,Muito Alto,Médio,Médio,Alto,Muito Baixo,Alto,Muito Baixo,Muito Alto,Muito Baixo,Muito Alto,Muito Baixo,Alto,Muito Baixo,Médio,Baixo,Médio,Muito Alto,Muito Baixa
Gaza,Massingir,Muito Baixo,Muito Baixo,Médio,Alto,Muito Alta,Muito Alto,Muito Alto,Muito Alto,Muito Alto,Alto,Alto,Alto,Alto,Muito Alto,Muito Alto,Baixo,Médio,Alto,Alto,Médio,Muito Alto,Médio,Médio,Alto,Muito Baixo,Alto,Muito Baixo,Muito Alto,Muito Baixo,Muito Alto,Muito Baixo,Alto,Muito Baixo,Médio,Baixo,Médio,Muito Alto,Muito Baixa
Inhambane,Cidade De Inhambane,Muito Alto,Muito Alto,Muito Alto,Alto,Alta,Muito Alto,Baixo,Muito Alto,Baixo,Alto,Muito Alto,Alto,Alto,Médio,Médio,Muito Baixo,Alto,Médio,Alto,Médio,Alto,Alto,Alto,Alto,Médio,Alto,Baixo,Médio,Muito Baixo,Muito Alto,Alto,Médio,Baixo,Baixo,Médio,Baixo,Muito Alto,Baixa
Inhambane,Funhalouro,Baixo,Baixo,Muito Baixo,Muito Baixo,Muito Baixa,Alto,Alto,Muito Alto,Alto,Alto,Muito Alto,Alto,Alto,Médio,Médio,Muito Baixo,Alto,Médio,Alto,Médio,Alto,Alto,Alto,Alto,Médio,Alto,Baixo,Médio,Muito Baixo,Muito Alto,Alto,Médio,Baixo,Baixo,Médio,Baixo,Muito Alto,Baixa
Inhambane,Govuro,Muito Baixo,Baixo,Muito Baixo,Baixo,Média,Médio,Muito Alto,Muito Alto,Muito Alto,Alto,Muito Alto,Alto,Alto,Médio,Médio,Muito Baixo,Alto,Médio,Alto,Médio,Alto,Alto,Alto,Alto,Médio,Alto,Baixo,Médio,Muito Baixo,Muito Alto,Alto,Médio,Baixo,Baixo,Médio,Baixo,Muito Alto,Baixa
Inhambane,Homoine,Médio,Alto,Baixo,Muito Baixo,Alta,Muito Alto,Alto,Muito Alto,Médio,Alto,Muito Alto,Alto,Alto,Médio,Médio,Muito Baixo,Alto,Médio,Alto,Médio,Alto,Alto,Alto,Alto,Médio,Alto,Baixo,Médio,Muito Baixo,Muito Alto,Alto,Médio,Baixo,Baixo,Médio,Baixo,Muito Alto,Baixa
Inhambane,Inharrime,Alto,Alto,Alto,Muito Baixo,Alta,Muito Alto,Médio,Muito Alto,Médio,Alto,Muito Alto,Alto,Alto,Médio,Médio,Muito Baixo,Alto,Médio,Alto,Médio,Alto,Alto,Alto,Alto,Médio,Alto,Baixo,Médio,Muito Baixo,Muito Alto,Alto,Médio,Baixo,Baixo,Médio,Baixo,Muito Alto,Baixa
Inhambane,Inhassoro,Muito Baixo,Muito Alto,Alto,Médio,Muito Alta,Muito Alto,Alto,Muito Alto,Alto,Alto,Muito Alto,Alto,Alto,Médio,Médio,Muito Baixo,Alto,Médio,Alto,Médio,Alto,Alto,Alto,Alto,Médio,Alto,Baixo,Médio,Muito Baixo,Muito Alto,Alto,Médio,Baixo,Baixo,Médio,Baixo,Muito Alto,Baixa
Inhambane,Jangamo,Médio,Baixo,Baixo,Muito Baixo,Muito Baixa,Muito Alto,Muito Alto,Muito Alto,Muito Alto,Alto,Muito Alto,Alto,Alto,Médio,Médio,Muito Baixo,Alto,Médio,Alto,Médio,Alto,Alto,Alto,Alto,Médio,Alto,Baixo,Médio,Muito Baixo,Muito Alto,Alto,Médio,Baixo,Baixo,Médio,Baixo,Muito Alto,Baixa
Inhambane,Mabote,Médio,Baixo,Baixo,Muito Baixo,Muito Alta,Muito Alto,Muito Alto,Muito Alto,Alto,Alto,Muito Alto,Alto,Alto,Médio,Médio,Muito Baixo,Alto,Médio,Alto,Médio,Alto,Alto,Alto,Alto,Médio,Alto,Baixo,Médio,Muito Baixo,Muito Alto,Alto,Médio,Baixo,Baixo,Médio,Baixo,Muito Alto,Baixa
Inhambane,Massinga,Médio,Muito Baixo,Baixo,Baixo,Média,Alto,Médio,Muito Alto,Médio,Alto,Muito Alto,Alto,Alto,Médio,Médio,Muito Baixo,Alto,Médio,Alto,Médio,Alto,Alto,Alto,Alto,Médio,Alto,Baixo,Médio,Muito Baixo,Muito Alto,Alto,Médio,Baixo,Baixo,Médio,Baixo,Muito Alto,Baixa
Inhambane,Maxixe,Muito Alto,Médio,Muito Alto,Médio,Alta,Médio,Médio,Muito Alto,Médio,Alto,Muito Alto,Alto,Alto,Médio,Médio,Muito Baixo,Alto,Médio,Alto,Médio,Alto,Alto,Alto,Alto,Médio,Alto,Baixo,Médio,Muito Baixo,Muito Alto,Alto,Médio,Baixo,Baixo,Médio,Baixo,Muito Alto,Baixa
Inhambane,Morrumbene,Médio,Baixo,Médio,Muito Baixo,Alta,Muito Alto,Muito Alto,Muito Alto,Muito Alto,Alto,Muito Alto,Alto,Alto,Médio,Médio,Muito Baixo,Alto,Médio,Alto,Médio,Alto,Alto,Alto,Alto,Médio,Alto,Baixo,Médio,Muito Baixo,Muito Alto,Alto,Médio,Baixo,Baixo,Médio,Baixo,Muito Alto,Baixa
Inhambane,Panda,Muito Baixo,Baixo,Muito Alto,Baixo,Muito Alta,Alto,Muito Alto,Muito Alto,Muito Alto,Alto,Muito Alto,Alto,Alto,Médio,Médio,Muito Baixo,Alto,Médio,Alto,Médio,Alto,Alto,Alto,Alto,Médio,Alto,Baixo,Médio,Muito Baixo,Muito Alto,Alto,Médio,Baixo,Baixo,Médio,Baixo,Muito Alto,Baixa
Inhambane,Vilankulo,Muito Baixo,Muito Alto,Muito Alto,Muito Baixo,Baixa,Alto,Alto,Muito Alto,Alto,Alto,Muito Alto,Alto,Alto,Médio,Médio,Muito Baixo,Alto,Médio,Alto,Médio,Alto,Alto,Alto,Alto,Médio,Alto,Baixo,Médio,Muito Baixo,Muito Alto,Alto,Médio,Baixo,Baixo,Médio,Baixo,Muito Alto,Baixa
Inhambane,Zavala,Muito Baixo,Alto,Baixo,Muito Baixo,Média,Médio,Alto,Muito Alto,Médio,Alto,Muito Alto,Alto,Alto,Médio,Médio,Muito Baixo,Alto,Médio,Alto,Médio,Alto,Alto,Alto,Alto,Médio,Alto,Baixo,Médio,Muito Baixo,Muito Alto,Alto,Médio,Baixo,Baixo,Médio,Baixo,Muito Alto,Baixa
Manica,Barue,Alto,Muito Alto,Muito Alto,Muito Baixo,Muito Baixa,Muito Baixo,Médio,Muito Alto,Baixo,Baixo,Médio,Baixo,Baixo,Muito Baixo,Muito Baixo,Muito Baixo,Baixo,Médio,Médio,Alto,Alto,Muito Alto,Alto,Baixo,Médio,Médio,Alto,Baixo,Alto,Alto,Muito Alto,Muito Alto,Alto,Muito Alto,Alto,Muito Alto,Muito Alto,Baixa
Manica,Cidade De Chimoio,Muito Alto,Muito Alto,Muito Alto,Muito Alto,Muito Baixa,Muito Baixo,Baixo,Muito Alto,Baixo,Baixo,Médio,Baixo,Baixo,Muito Baixo,Muito Baixo,Muito Baixo,Baixo,Médio,Médio,Alto,Alto,Muito Alto,Alto,Baixo,Médio,Médio,Alto,Baixo,Alto,Alto,Muito Alto,Muito Alto,Alto,Muito Alto,Alto,Muito Alto,Muito Alto,Baixa
Manica,Gondola,Alto,Médio,Alto,Médio,Muito Baixa,Muito Baixo,Baixo,Muito Alto,Muito Baixo,Baixo,Médio,Baixo,Baixo,Muito Baixo,Muito Baixo,Muito Baixo,Baixo,Médio,Médio,Alto,Alto,Muito Alto,Alto,Baixo,Médio,Médio,Alto,Baixo,Alto,Alto,Muito Alto,Muito Alto,Alto,Muito Alto,Alto,Muito Alto,Muito Alto,Baixa
Manica,Guro,Muito Alto,Muito Baixo,Muito Baixo,Baixo,Muito Baixa,Muito Baixo,Muito Alto,Muito Alto,Alto,Baixo,Médio,Baixo,Baixo,Muito Baixo,Muito Baixo,Muito Baixo,Baixo,Médio,Médio,Alto,Alto,Muito Alto,Alto,Baixo,Médio,Médio,Alto,Baixo,Alto,Alto,Muito Alto,Muito Alto,Alto,Muito Alto,Alto,Muito Alto,Muito Alto,Baixa
Manica,Macate,Muito Baixo,Médio,Baixo,Baixo,Muito Baixa,Muito Baixo,Alto,Muito Alto,Alto,Baixo,Médio,Baixo,Baixo,Muito Baixo,Muito Baixo,Muito Baixo,Baixo,Médio,Médio,Alto,Alto,Muito Alto,Alto,Baixo,Médio,Médio,Alto,Baixo,Alto,Alto,Muito Alto,Muito Alto,Alto,Muito Alto,Alto,Muito Alto,Muito Alto,Baixa
Manica,Machaze,Baixo,Médio,Muito Alto,Baixo,Muito Baixa,Muito Baixo,Muito Alto,Muito Alto,Muito Alto,Baixo,Médio,Baixo,Baixo,Muito Baixo,Muito Baixo,Muito Baixo,Baixo,Médio,Médio,Alto,Alto,Muito Alto,Alto,Baixo,Médio,Médio,Alto,Baixo,Alto,Alto,Muito Alto,Muito Alto,Alto,Muito Alto,Alto,Muito Alto,Muito Alto,Baixa
Manica,Macossa,Baixo,Muito Baixo,Muito Baixo,Muito Baixo,Muito Baixa,Muito Baixo,Alto,Muito Alto,Alto,Baixo,Médio,Baixo,Baixo,Muito Baixo,Muito Baixo,Muito Baixo,Baixo,Médio,Médio,Alto,Alto,Muito Alto,Alto,Baixo,Médio,Médio,Alto,Baixo,Alto,Alto,Muito Alto,Muito Alto,Alto,Muito Alto,Alto,Muito Alto,Muito Alto,Baixa
Manica,Manica,Alto,Alto,Muito Alto,Baixo,Muito Baixa,Muito Baixo,Médio,Muito Alto,Médio,Baixo,Médio,Baixo,Baixo,Muito Baixo,Muito Baixo,Muito Baixo,Baixo,Médio,Médio,Alto,Alto,Muito Alto,Alto,Baixo,Médio,Médio,Alto,Baixo,Alto,Alto,Muito Alto,Muito Alto,Alto,Muito Alto,Alto,Muito Alto,Muito Alto,Baixa
Manica,Mossurize,Baixo,Baixo,Muito Baixo,Muito Alto,Muito Baixa,Muito Baixo,Médio,Muito Alto,Médio,Baixo,Médio,Baixo,Baixo,Muito Baixo,Muito Baixo,Muito Baixo,Baixo,Médio,Médio,Alto,Alto,Muito Alto,Alto,Baixo,Médio,Médio,Alto,Baixo,Alto,Alto,Muito Alto,Muito Alto,Alto,Muito Alto,Alto,Muito Alto,Muito Alto,Baixa
Manica,Sussundenga,Muito Baixo,Médio,Médio,Baixo,Muito Baixa,Muito Baixo,Alto,Muito Alto,Baixo,Baixo,Médio,Baixo,Baixo,Muito Baixo,Muito Baixo,Muito Baixo,Baixo,Médio,Médio,Alto,Alto,Muito Alto,Alto,Baixo,Médio,Médio,Alto,Baixo,Alto,Alto,Muito Alto,Muito Alto,Alto,Muito Alto,Alto,Muito Alto,Muito Alto,Baixa
Manica,Tambara,Baixo,Médio,Muito Alto,Baixo,Muito Baixa,Muito Baixo,Alto,Muito Alto,Alto,Baixo,Médio,Baixo,Baixo,Muito Baixo,Muito Baixo,Muito Baixo,Baixo,Médio,Médio,Alto,Alto,Muito Alto,Alto,Baixo,Médio,Médio,Alto,Baixo,Alto,Alto,Muito Alto,Muito Alto,Alto,Muito Alto,Alto,Muito Alto,Muito Alto,Baixa
Manica,Vanduzi,Muito Alto,Muito Alto,Médio,Baixo,Muito Baixa,Muito Baixo,Alto,Muito Alto,Médio,Baixo,Médio,Baixo,Baixo,Muito Baixo,Muito Baixo,Muito Baixo,Baixo,Médio,Médio,Alto,Alto,Muito Alto,Alto,Baixo,Médio,Médio,Alto,Baixo,Alto,Alto,Muito Alto,Muito Alto,Alto,Muito Alto,Alto,Muito Alto,Muito Alto,Baixa
Maputo,Boane,Muito Alto,Muito Alto,Muito Alto,Alto,Muito Baixa,Muito Baixo,Médio,Muito Alto,Médio,Muito Alto,Muito Alto,Muito Alto,Muito Alto,Muito Alto,Muito Alto,Alto,Muito Alto,Muito Alto,Muito Alto,Muito Alto,Muito Alto,Muito Alto,Alto,Muito Alto,Muito Alto,Muito Alto,Alto,Muito Alto,Muito Baixo,Muito Baixo,Alto,Muito Baixo,Muito Alto,Muito Baixo,Muito Alto,Baixo,Muito Baixo,Muito Baixa
Maputo,Cidade Da Matola,Muito Alto,Muito Alto,Muito Alto,Baixo,Muito Baixa,Médio,Muito Baixo,Muito Alto,Muito Baixo,Muito Alto,Muito Alto,Muito Alto,Muito Alto,Muito Alto,Muito Alto,Alto,Muito Alto,Muito Alto,Muito Alto,Muito Alto,Muito Alto,Muito Alto,Alto,Muito Alto,Muito Alto,Muito Alto,Alto,Muito Alto,Muito Baixo,Muito Baixo,Alto,Muito Baixo,Muito Alto,Muito Baixo,Muito Alto,Baixo,Muito Baixo,Muito Baixa
Maputo,Magude,Muito Alto,Baixo,Baixo,Baixo,Muito Baixa,Muito Baixo,Alto,Muito Alto,Alto,Muito Alto,Muito Alto,Muito Alto,Muito Alto,Muito Alto,Muito Alto,Alto,Muito Alto,Muito Alto,Muito Alto,Muito Alto,Muito Alto,Muito Alto,Alto,Muito Alto,Muito Alto,Muito Alto,Alto,Muito Alto,Muito Baixo,Muito Baixo,Alto,Muito Baixo,Muito Alto,Muito Baixo,Muito Alto,Baixo,Muito Baixo,Muito Baixa
Maputo,Manhiça,Muito Alto,Muito Alto,Muito Baixo,Baixo,Média,Médio,Médio,Muito Alto,Baixo,Muito Alto,Muito Alto,Muito Alto,Muito Alto,Muito Alto,Muito Alto,Alto,Muito Alto,Muito Alto,Muito Alto,Muito Alto,Muito Alto,Muito Alto,Alto,Muito Alto,Muito Alto,Muito Alto,Alto,Muito Alto,Muito Baixo,Muito Baixo,Alto,Muito Baixo,Muito Alto,Muito Baixo,Muito Alto,Baixo,Muito Baixo,Muito Baixa
Maputo,Marracuene,Muito Alto,Muito Alto,Muito Alto,Médio,Baixa,Médio,Médio,Muito Alto,Médio,Muito Alto,Muito Alto,Muito Alto,Muito Alto,Muito Alto,Muito Alto,Alto,Muito Alto,Muito Alto,Muito Alto,Muito Alto,Muito Alto,Muito Alto,Alto,Muito Alto,Muito Alto,Muito Alto,Alto,Muito Alto,Muito Baixo,Muito Baixo,Alto,Muito Baixo,Muito Alto,Muito Baixo,Muito Alto,Baixo,Muito Baixo,Muito Baixa
Maputo,Matutuine,Muito Alto,Alto,Médio,Muito Baixo,Muito Baixa,Muito Baixo,Médio,Muito Alto,Médio,Muito Alto,Muito Alto,Muito Alto,Muito Alto,Muito Alto,Muito Alto,Alto,Muito Alto,Muito Alto,Muito Alto,Muito Alto,Muito Alto,Muito Alto,Alto,Muito Alto,Muito Alto,Muito Alto,Alto,Muito Alto,Muito Baixo,Muito Baixo,Alto,Muito Baixo,Muito Alto,Muito Baixo,Muito Alto,Baixo,Muito Baixo,Muito Baixa
Maputo,Moamba,Muito Alto,Médio,Alto,Baixo,Baixa,Baixo,Médio,Muito Alto,Médio,Muito Alto,Muito Alto,Muito Alto,Muito Alto,Muito Alto,Muito Alto,Alto,Muito Alto,Muito Alto,Muito Alto,Muito Alto,Muito Alto,Muito Alto,Alto,Muito Alto,Muito Alto,Muito Alto,Alto,Muito Alto,Muito Baixo,Muito Baixo,Alto,Muito Baixo,Muito Alto,Muito Baixo,Muito Alto,Baixo,Muito Baixo,Muito Baixa
Maputo,Namaacha,Muito Alto,Baixo,Alto,Baixo,Alta,Alto,Muito Alto,Muito Alto,Alto,Muito Alto,Muito Alto,Muito Alto,Muito Alto,Muito Alto,Muito Alto,Alto,Muito Alto,Muito Alto,Muito Alto,Muito Alto,Muito Alto,Muito Alto,Alto,Muito Alto,Muito Alto,Muito Alto,Alto,Muito Alto,Muito Baixo,Muito Baixo,Alto,Muito Baixo,Muito Alto,Muito Baixo,Muito Alto,Baixo,Muito Baixo,Muito Baixa
Maputo City,Cidade De Maputo,Muito Alto,Muito Alto,Muito Alto,Alto,Alta,Muito Alto,Muito Baixo,Muito Alto,Muito Baixo,Muito Alto,Muito Alto,Muito Alto,Muito Alto,Alto,Alto,Muito Baixo,Muito Alto,Muito Alto,Muito Alto,Muito Alto,Muito Alto,Muito Alto,Muito Alto,Muito Alto,Muito Alto,Muito Alto,Muito Alto,Muito Alto,Médio,Muito Baixo,Médio,Muito Baixo,Muito Alto,Médio,Muito Alto,Muito Baixo,Médio,Muito Baixa
Nampula,Angoche,Baixo,Médio,Médio,Muito Alto,Média,Muito Baixo,Médio,Muito Alto,Baixo,Muito Baixo,Baixo,Muito Baixo,Muito Baixo,Muito Baixo,Muito Baixo,Médio,Muito Baixo,Muito Baixo,Muito Baixo,Muito Baixo,Muito Baixo,Muito Baixo,Muito Alto,Muito Baixo,Muito Baixo,Muito Baixo,Baixo,Muito Baixo,Baixo,Alto,Baixo,Alto,Alto,Muito Alto,Muito Baixo,Médio,Baixo,Muito Alta
Nampula,Cidade De Nampula,Muito Alto,Muito Alto,Muito Alto,Muito Alto,Muito Baixa,Baixo,Muito Baixo,Muito Alto,Muito Baixo,Muito Baixo,Baixo,Muito Baixo,Muito Baixo,Muito Baixo,Muito Baixo,Médio,Muito Baixo,Muito Baixo,Muito Baixo,Muito Baixo,Muito Baixo,Muito Baixo,Muito Alto,Muito Baixo,Muito Baixo,Muito Baixo,Baixo,Muito Baixo,Baixo,Alto,Baixo,Alto,Alto,Muito Alto,Muito Baixo,Médio,Baixo,Muito Alta
Nampula,Erati,Baixo,Baixo,Muito Baixo,Muito Alto,Média,Médio,Médio,Muito Alto,Baixo,Muito Baixo,Baixo,Muito Baixo,Muito Baixo,Muito Baixo,Muito Baixo,Médio,Muito Baixo,Muito Baixo,Muito Baixo,Muito Baixo,Muito Baixo,Muito Baixo,Muito Alto,Muito Baixo,Muito Baixo,Muito Baixo,Baixo,Muito Baixo,Baixo,Alto,Baixo,Alto,Alto,Muito Alto,Muito Baixo,Médio,Baixo,Muito Alta
Nampula,Ilha De Moçambique,Muito Baixo,Muito Baixo,Muito Baixo,Muito Alto,Baixa,Baixo,Alto,Muito Alto,Médio,Muito Baixo,Baixo,Muito Baixo,Muito Baixo,Muito Baixo,Muito Baixo,Médio,Muito Baixo,Muito Baixo,Muito Baixo,Muito Baixo,Muito Baixo,Muito Baixo,Muito Alto,Muito Baixo,Muito Baixo,Muito Baixo,Baixo,Muito Baixo,Baixo,Alto,Baixo,Alto,Alto,Muito Alto,Muito Baixo,Médio,Baixo,Muito Alta
Nampula,Lalaua,Muito Baixo,Muito Baixo,Muito Baixo,Muito Alto,Alta,Baixo,Muito Alto,Muito Alto,Muito Alto,Muito Baixo,Baixo,Muito Baixo,Muito Baixo,Muito Baixo,Muito Baixo,Médio,Muito Baixo,Muito Baixo,Muito Baixo,Muito Baixo,Muito Baixo,Muito Baixo,Muito Alto,Muito Baixo,Muito Baixo,Muito Baixo,Baixo,Muito Baixo,Baixo,Alto,Baixo,Alto,Alto,Muito Alto,Muito Baixo,Médio,Baixo,Muito Alta
Nampula,Larde,Baixo,Muito Baixo,Muito Baixo,Muito Alto,Baixa,Baixo,Alto,Muito Alto,Alto,Muito Baixo,Baixo,Muito Baixo,Muito Baixo,Muito Baixo,Muito Baixo,Médio,Muito Baixo,Muito Baixo,Muito Baixo,Muito Baixo,Muito Baixo,Muito Baixo,Muito Alto,Muito Baixo,Muito Baixo,Muito Baixo,Baixo,Muito Baixo,Baixo,Alto,Baixo,Alto,Alto,Muito Alto,Muito Baixo,Médio,Baixo,Muito Alta
Nampula,Liúpo,Muito Baixo,Muito Baixo,Muito Baixo,Muito Alto,Baixa,Baixo,Alto,Muito Alto,Alto,Muito Baixo,Baixo,Muito Baixo,Muito Baixo,Muito Baixo,Muito Baixo,Médio,Muito Baixo,Muito Baixo,Muito Baixo,Muito Baixo,Muito Baixo,Muito Baixo,Muito Alto,Muito Baixo,Muito Baixo,Muito Baixo,Baixo,Muito Baixo,Baixo,Alto,Baixo,Alto,Alto,Muito Alto,Muito Baixo,Médio,Baixo,Muito Alta
Nampula,Malema,Baixo,Baixo,Médio,Muito Alto,Alta,Baixo,Muito Alto,Muito Alto,Médio,Muito Baixo,Baixo,Muito Baixo,Muito Baixo,Muito Baixo,Muito Baixo,Médio,Muito Baixo,Muito Baixo,Muito Baixo,Muito Baixo,Muito Baixo,Muito Baixo,Muito Alto,Muito Baixo,Muito Baixo,Muito Baixo,Baixo,Muito Baixo,Baixo,Alto,Baixo,Alto,Alto,Muito Alto,Muito Baixo,Médio,Baixo,Muito Alta
Nampula,Meconta,Alto,Baixo,Baixo,Muito Alto,Muito Baixa,Baixo,Alto,Muito Alto,Alto,Muito Baixo,Baixo,Muito Baixo,Muito Baixo,Muito Baixo,Muito Baixo,Médio,Muito Baixo,Muito Baixo,Muito Baixo,Muito Baixo,Muito Baixo,Muito Baixo,Muito Alto,Muito Baixo,Muito Baixo,Muito Baixo,Baixo,Muito Baixo,Baixo,Alto,Baixo,Alto,Alto,Muito Alto,Muito Baixo,Médio,Baixo,Muito Alta
Nampula,Mecuburi,Baixo,Muito Baixo,Muito Baixo,Muito Alto,Baixa,Muito Baixo,Médio,Muito Alto,Médio,Muito Baixo,Baixo,Muito Baixo,Muito Baixo,Muito Baixo,Muito Baixo,Médio,Muito Baixo,Muito Baixo,Muito Baixo,Muito Baixo,Muito Baixo,Muito Baixo,Muito Alto,Muito Baixo,Muito Baixo,Muito Baixo,Baixo,Muito Baixo,Baixo,Alto,Baixo,Alto,Alto,Muito Alto,Muito Baixo,Médio,Baixo,Muito Alta
Nampula,Memba,Muito Baixo,Baixo,Muito Baixo,Muito Alto,Muito Alta,Baixo,Muito Baixo,Muito Alto,Muito Baixo,Muito Baixo,Baixo,Muito Baixo,Muito Baixo,Muito Baixo,Muito Baixo,Médio,Muito Baixo,Muito Baixo,Muito Baixo,Muito Baixo,Muito Baixo,Muito Baixo,Muito Alto,Muito Baixo,Muito Baixo,Muito Baixo,Baixo,Muito Baixo,Baixo,Alto,Baixo,Alto,Alto,Muito Alto,Muito Baixo,Médio,Baixo,Muito Alta
Nampula,Mogincual,Baixo,Muito Baixo,Muito Baixo,Muito Alto,Baixa,Médio,Alto,Muito Alto,Alto,Muito Baixo,Baixo,Muito Baixo,Muito Baixo,Muito Baixo,Muito Baixo,Médio,Muito Baixo,Muito Baixo,Muito Baixo,Muito Baixo,Muito Baixo,Muito Baixo,Muito Alto,Muito Baixo,Muito Baixo,Muito Baixo,Baixo,Muito Baixo,Baixo,Alto,Baixo,Alto,Alto,Muito Alto,Muito Baixo,Médio,Baixo,Muito Alta
Nampula,Mogovolas,Baixo,Médio,Médio,Muito Alto,Muito Alta,Baixo,Médio,Muito Alto,Baixo,Muito Baixo,Baixo,Muito Baixo,Muito Baixo,Muito Baixo,Muito Baixo,Médio,Muito Baixo,Muito Baixo,Muito Baixo,Muito Baixo,Muito Baixo,Muito Baixo,Muito Alto,Muito Baixo,Muito Baixo,Muito Baixo,Baixo,Muito Baixo,Baixo,Alto,Baixo,Alto,Alto,Muito Alto,Muito Baixo,Médio,Baixo,Muito Alta
Nampula,Moma,Baixo,Médio,Muito Baixo,Muito Alto,Baixa,Muito Baixo,Médio,Muito Alto,Médio,Muito Baixo,Baixo,Muito Baixo,Muito Baixo,Muito Baixo,Muito Baixo,Médio,Muito Baixo,Muito Baixo,Muito Baixo,Muito Baixo,Muito Baixo,Muito Baixo,Muito Alto,Muito Baixo,Muito Baixo,Muito Baixo,Baixo,Muito Baixo,Baixo,Alto,Baixo,Alto,Alto,Muito Alto,Muito Baixo,Médio,Baixo,Muito Alta
Nampula,Monapo,Médio,Baixo,Muito Baixo,Muito Alto,Média,Baixo,Alto,Muito Alto,Alto,Muito Baixo,Baixo,Muito Baixo,Muito Baixo,Muito Baixo,Muito Baixo,Médio,Muito Baixo,Muito Baixo,Muito Baixo,Muito Baixo,Muito Baixo,Muito Baixo,Muito Alto,Muito Baixo,Muito Baixo,Muito Baixo,Baixo,Muito Baixo,Baixo,Alto,Baixo,Alto,Alto,Muito Alto,Muito Baixo,Médio,Baixo,Muito Alta
Nampula,Mossuril,Baixo,Baixo,Baixo,Muito Alto,Média,Médio,Muito Alto,Muito Alto,Alto,Muito Baixo,Baixo,Muito Baixo,Muito Baixo,Muito Baixo,Muito Baixo,Médio,Muito Baixo,Muito Baixo,Muito Baixo,Muito Baixo,Muito Baixo,Muito Baixo,Muito Alto,Muito Baixo,Muito Baixo,Muito Baixo,Baixo,Muito Baixo,Baixo,Alto,Baixo,Alto,Alto,Muito Alto,Muito Baixo,Médio,Baixo,Muito Alta
Nampula,Muecate,Baixo,Muito Baixo,Baixo,Médio,Baixa,Baixo,Alto,Muito Alto,Alto,Muito Baixo,Baixo,Muito Baixo,Muito Baixo,Muito Baixo,Muito Baixo,Médio,Muito Baixo,Muito Baixo,Muito Baixo,Muito Baixo,Muito Baixo,Muito Baixo,Muito Alto,Muito Baixo,Muito Baixo,Muito Baixo,Baixo,Muito Baixo,Baixo,Alto,Baixo,Alto,Alto,Muito Alto,Muito Baixo,Médio,Baixo,Muito Alta
Nampula,Murrupula,Baixo,Baixo,Baixo,Médio,Baixa,Baixo,Médio,Muito Alto,Médio,Muito Baixo,Baixo,Muito Baixo,Muito Baixo,Muito Baixo,Muito Baixo,Médio,Muito Baixo,Muito Baixo,Muito Baixo,Muito Baixo,Muito Baixo,Muito Baixo,Muito Alto,Muito Baixo,Muito Baixo,Muito Baixo,Baixo,Muito Baixo,Baixo,Alto,Baixo,Alto,Alto,Muito Alto,Muito Baixo,Médio,Baixo,Muito Alta
Nampula,Nacala,Muito Alto,Muito Alto,Muito Alto,Muito Alto,Baixa,Baixo,Médio,Muito Alto,Baixo,Muito Baixo,Baixo,Muito Baixo,Muito Baixo,Muito Baixo,Muito Baixo,Médio,Muito Baixo,Muito Baixo,Muito Baixo,Muito Baixo,Muito Baixo,Muito Baixo,Muito Alto,Muito Baixo,Muito Baixo,Muito Baixo,Baixo,Muito Baixo,Baixo,Alto,Baixo,Alto,Alto,Muito Alto,Muito Baixo,Médio,Baixo,Muito Alta
Nampula,Nacala-A-Velha,Médio,Médio,Baixo,Médio,Baixa,Baixo,Muito Alto,Muito Alto,Alto,Muito Baixo,Baixo,Muito Baixo,Muito Baixo,Muito Baixo,Muito Baixo,Médio,Muito Baixo,Muito Baixo,Muito Baixo,Muito Baixo,Muito Baixo,Muito Baixo,Muito Alto,Muito Baixo,Muito Baixo,Muito Baixo,Baixo,Muito Baixo,Baixo,Alto,Baixo,Alto,Alto,Muito Alto,Muito Baixo,Médio,Baixo,Muito Alta
Nampula,Nacaroa,Médio,Muito Baixo,Muito Baixo,Muito Alto,Baixa,Baixo,Alto,Muito Alto,Alto,Muito Baixo,Baixo,Muito Baixo,Muito Baixo,Muito Baixo,Muito Baixo,Médio,Muito Baixo,Muito Baixo,Muito Baixo,Muito Baixo,Muito Baixo,Muito Baixo,Muito Alto,Muito Baixo,Muito Baixo,Muito Baixo,Baixo,Muito Baixo,Baixo,Alto,Baixo,Alto,Alto,Muito Alto,Muito Baixo,Médio,Baixo,Muito Alta
Nampula,Rapale,Baixo,Alto,Baixo,Alto,Baixa,Baixo,Muito Alto,Muito Alto,Muito Alto,Muito Baixo,Baixo,Muito Baixo,Muito Baixo,Muito Baixo,Muito Baixo,Médio,Muito Baixo,Muito Baixo,Muito Baixo,Muito Baixo,Muito Baixo,Muito Baixo,Muito Alto,Muito Baixo,Muito Baixo,Muito Baixo,Baixo,Muito Baixo,Baixo,Alto,Baixo,Alto,Alto,Muito Alto,Muito Baixo,Médio,Baixo,Muito Alta
Nampula,Ribaue,Alto,Muito Baixo,Médio,Muito Alto,Baixa,Baixo,Alto,Muito Alto,Alto,Muito Baixo,Baixo,Muito Baixo,Muito Baixo,Muito Baixo,Muito Baixo,Médio,Muito Baixo,Muito Baixo,Muito Baixo,Muito Baixo,Muito Baixo,Muito Baixo,Muito Alto,Muito Baixo,Muito Baixo,Muito Baixo,Baixo,Muito Baixo,Baixo,Alto,Baixo,Alto,Alto,Muito Alto,Muito Baixo,Médio,Baixo,Muito Alta
Niassa,Chimbonila,Médio,Muito Baixo,Baixo,Alto,Muito Baixa,Baixo,Muito Alto,Muito Alto,Muito Alto,Baixo,Baixo,Médio,Médio,Médio,Baixo,Baixo,Muito Baixo,Baixo,Baixo,Baixo,Baixo,Médio,Alto,Muito Baixo,Muito Baixo,Muito Baixo,Muito Baixo,Baixo,Alto,Muito Alto,Muito Alto,Médio,Muito Baixo,Muito Baixo,Muito Baixo,Muito Alto,Médio,Muito Alta
Niassa,Cidade De Lichinga,Muito Alto,Muito Baixo,Muito Alto,Alto,Alta,Alto,Alto,Muito Alto,Médio,Baixo,Baixo,Médio,Médio,Médio,Baixo,Baixo,Muito Baixo,Baixo,Baixo,Baixo,Baixo,Médio,Alto,Muito Baixo,Muito Baixo,Muito Baixo,Muito Baixo,Baixo,Alto,Muito Alto,Muito Alto,Médio,Muito Baixo,Muito Baixo,Muito Baixo,Muito Alto,Médio,Muito Alta
Niassa,Cuamba,Alto,Alto,Alto,Alto,Média,Médio,Médio,Muito Alto,Médio,Baixo,Baixo,Médio,Médio,Médio,Baixo,Baixo,Muito Baixo,Baixo,Baixo,Baixo,Baixo,Médio,Alto,Muito Baixo,Muito Baixo,Muito Baixo,Muito Baixo,Baixo,Alto,Muito Alto,Muito Alto,Médio,Muito Baixo,Muito Baixo,Muito Baixo,Muito Alto,Médio,Muito Alta
Niassa,Ilha Licom,Alto,Muito Baixo,Alto,Alto,Muito Alta,Alto,Muito Alto,Muito Alto,Muito Alto,Baixo,Baixo,Médio,Médio,Médio,Baixo,Baixo,Muito Baixo,Baixo,Baixo,Baixo,Baixo,Médio,Alto,Muito Baixo,Muito Baixo,Muito Baixo,Muito Baixo,Baixo,Alto,Muito Alto,Muito Alto,Médio,Muito Baixo,Muito Baixo,Muito Baixo,Muito Alto,Médio,Muito Alta
Niassa,Ilha Risunodo,Alto,Muito Baixo,Alto,Alto,Muito Alta,Alto,Muito Alto,Muito Alto,Muito Alto,Baixo,Baixo,Médio,Médio,Médio,Baixo,Baixo,Muito Baixo,Baixo,Baixo,Baixo,Baixo,Médio,Alto,Muito Baixo,Muito Baixo,Muito Baixo,Muito Baixo,Baixo,Alto,Muito Alto,Muito Alto,Médio,Muito Baixo,Muito Baixo,Muito Baixo,Muito Alto,Médio,Muito Alta
Niassa,Lago,Alto,Muito Baixo,Médio,Muito Baixo,Média,Alto,Alto,Muito Alto,Alto,Baixo,Baixo,Médio,Médio,Médio,Baixo,Baixo,Muito Baixo,Baixo,Baixo,Baixo,Baixo,Médio,Alto,Muito Baixo,Muito Baixo,Muito Baixo,Muito Baixo,Baixo,Alto,Muito Alto,Muito Alto,Médio,Muito Baixo,Muito Baixo,Muito Baixo,Muito Alto,Médio,Muito Alta
Niassa,Lago Niassa,Baixo,Muito Baixo,Alto,Alto,Muito Alta,Alto,Muito Alto,Muito Alto,Muito Alto,Baixo,Baixo,Médio,Médio,Médio,Baixo,Baixo,Muito Baixo,Baixo,Baixo,Baixo,Baixo,Médio,Alto,Muito Baixo,Muito Baixo,Muito Baixo,Muito Baixo,Baixo,Alto,Muito Alto,Muito Alto,Médio,Muito Baixo,Muito Baixo,Muito Baixo,Muito Alto,Médio,Muito Alta
Niassa,Majune,Médio,Muito Baixo,Alto,Alto,Muito Alta,Médio,Muito Alto,Muito Alto,Alto,Baixo,Baixo,Médio,Médio,Médio,Baixo,Baixo,Muito Baixo,Baixo,Baixo,Baixo,Baixo,Médio,Alto,Muito Baixo,Muito Baixo,Muito Baixo,Muito Baixo,Baixo,Alto,Muito Alto,Muito Alto,Médio,Muito Baixo,Muito Baixo,Muito Baixo,Muito Alto,Médio,Muito Alta
Niassa,Mandimba,Médio,Baixo,Alto,Muito Baixo,Muito Alta,Alto,Alto,Muito Alto,Médio,Baixo,Baixo,Médio,Médio,Médio,Baixo,Baixo,Muito Baixo,Baixo,Baixo,Baixo,Baixo,Médio,Alto,Muito Baixo,Muito Baixo,Muito Baixo,Muito Baixo,Baixo,Alto,Muito Alto,Muito Alto,Médio,Muito Baixo,Muito Baixo,Muito Baixo,Muito Alto,Médio,Muito Alta
Niassa,Marrupa,Alto,Alto,Muito Alto,Alto,Média,Médio,Médio,Muito Alto,Médio,Baixo,Baixo,Médio,Médio,Médio,Baixo,Baixo,Muito Baixo,Baixo,Baixo,Baixo,Baixo,Médio,Alto,Muito Baixo,Muito Baixo,Muito Baixo,Muito Baixo,Baixo,Alto,Muito Alto,Muito Alto,Médio,Muito Baixo,Muito Baixo,Muito Baixo,Muito Alto,Médio,Muito Alta
Niassa,Maua,Baixo,Muito Baixo,Baixo,Alto,Alta,Alto,Alto,Muito Alto,Alto,Baixo,Baixo,Médio,Médio,Médio,Baixo,Baixo,Muito Baixo,Baixo,Baixo,Baixo,Baixo,Médio,Alto,Muito Baixo,Muito Baixo,Muito Baixo,Muito Baixo,Baixo,Alto,Muito Alto,Muito Alto,Médio,Muito Baixo,Muito Baixo,Muito Baixo,Muito Alto,Médio,Muito Alta
Niassa,Mavago,Alto,Muito Baixo,Alto,Alto,Média,Médio,Muito Alto,Muito Alto,Alto,Baixo,Baixo,Médio,Médio,Médio,Baixo,Baixo,Muito Baixo,Baixo,Baixo,Baixo,Baixo,Médio,Alto,Muito Baixo,Muito Baixo,Muito Baixo,Muito Baixo,Baixo,Alto,Muito Alto,Muito Alto,Médio,Muito Baixo,Muito Baixo,Muito Baixo,Muito Alto,Médio,Muito Alta
Niassa,Mecanhelas,Médio,Baixo,Médio,Médio,Muito Alta,Médio,Alto,Muito Alto,Médio,Baixo,Baixo,Médio,Médio,Médio,Baixo,Baixo,Muito Baixo,Baixo,Baixo,Baixo,Baixo,Médio,Alto,Muito Baixo,Muito Baixo,Muito Baixo,Muito Baixo,Baixo,Alto,Muito Alto,Muito Alto,Médio,Muito Baixo,Muito Baixo,Muito Baixo,Muito Alto,Médio,Muito Alta
Niassa,Mecula,Alto,Muito Baixo,Alto,Alto,Média,Médio,Baixo,Muito Alto,Muito Baixo,Baixo,Baixo,Médio,Médio,Médio,Baixo,Baixo,Muito Baixo,Baixo,Baixo,Baixo,Baixo,Médio,Alto,Muito Baixo,Muito Baixo,Muito Baixo,Muito Baixo,Baixo,Alto,Muito Alto,Muito Alto,Médio,Muito Baixo,Muito Baixo,Muito Baixo,Muito Alto,Médio,Muito Alta
Niassa,Metarica,Alto,Muito Baixo,Muito Alto,Alto,Alta,Alto,Muito Alto,Muito Alto,Muito Alto,Baixo,Baixo,Médio,Médio,Médio,Baixo,Baixo,Muito Baixo,Baixo,Baixo,Baixo,Baixo,Médio,Alto,Muito Baixo,Muito Baixo,Muito Baixo,Muito Baixo,Baixo,Alto,Muito Alto,Muito Alto,Médio,Muito Baixo,Muito Baixo,Muito Baixo,Muito Alto,Médio,Muito Alta
Niassa,Muembe,Médio,Muito Baixo,Muito Baixo,Médio,Muito Alta,Alto,Alto,Muito Alto,Alto,Baixo,Baixo,Médio,Médio,Médio,Baixo,Baixo,Muito Baixo,Baixo,Baixo,Baixo,Baixo,Médio,Alto,Muito Baixo,Muito Baixo,Muito Baixo,Muito Baixo,Baixo,Alto,Muito Alto,Muito Alto,Médio,Muito Baixo,Muito Baixo,Muito Baixo,Muito Alto,Médio,Muito Alta
Niassa,Ngauma,Médio,Muito Baixo,Médio,Alto,Baixa,Alto,Muito Alto,Muito Alto,Muito Alto,Baixo,Baixo,Médio,Médio,Médio,Baixo,Baixo,Muito Baixo,Baixo,Baixo,Baixo,Baixo,Médio,Alto,Muito Baixo,Muito Baixo,Muito Baixo,Muito Baixo,Baixo,Alto,Muito Alto,Muito Alto,Médio,Muito Baixo,Muito Baixo,Muito Baixo,Muito Alto,Médio,Muito Alta
Niassa,Nipepe,Médio,Muito Baixo,Alto,Alto,Muito Alta,Muito Alto,Muito Alto,Muito Alto,Alto,Baixo,Baixo,Médio,Médio,Médio,Baixo,Baixo,Muito Baixo,Baixo,Baixo,Baixo,Baixo,Médio,Alto,Muito Baixo,Muito Baixo,Muito Baixo,Muito Baixo,Baixo,Alto,Muito Alto,Muito Alto,Médio,Muito Baixo,Muito Baixo,Muito Baixo,Muito Alto,Médio,Muito Alta
Niassa,Sanga,Alto,Muito Baixo,Baixo,Médio,Muito Alta,Alto,Muito Alto,Muito Alto,Muito Alto,Baixo,Baixo,Médio,Médio,Médio,Baixo,Baixo,Muito Baixo,Baixo,Baixo,Baixo,Baixo,Médio,Alto,Muito Baixo,Muito Baixo,Muito Baixo,Muito Baixo,Baixo,Alto,Muito Alto,Muito Alto,Médio,Muito Baixo,Muito Baixo,Muito Baixo,Muito Alto,Médio,Muito Alta
Sofala,Buzi,Alto,Médio,Médio,Baixo,Muito Baixa,Alto,Médio,Muito Alto,Baixo,Médio,Médio,Médio,Médio,Alto,Alto,Alto,Alto,Alto,Médio,Alto,Médio,Alto,Muito Alto,Médio,Alto,Médio,Muito Alto,Médio,Muito Alto,Baixo,Muito Alto,Muito Alto,Baixo,Baixo,Alto,Alto,Alto,Média
Sofala,Caia,Alto,Muito Baixo,Baixo,Muito Baixo,Baixa,Alto,Médio,Muito Alto,Médio,Médio,Médio,Médio,Médio,Alto,Alto,Alto,Alto,Alto,Médio,Alto,Médio,Alto,Muito Alto,Médio,Alto,Médio,Muito Alto,Médio,Muito Alto,Baixo,Muito Alto,Muito Alto,Baixo,Baixo,Alto,Alto,Alto,Média
Sofala,Chemba,Médio,Muito Baixo,Baixo,Muito Baixo,Baixa,Baixo,Alto,Muito Alto,Alto,Médio,Médio,Médio,Médio,Alto,Alto,Alto,Alto,Alto,Médio,Alto,Médio,Alto,Muito Alto,Médio,Alto,Médio,Muito Alto,Médio,Muito Alto,Baixo,Muito Alto,Muito Alto,Baixo,Baixo,Alto,Alto,Alto,Média
Sofala,Cheringoma,Alto,Muito Baixo,Baixo,Muito Alto,Média,Alto,Baixo,Muito Alto,Muito Baixo,Médio,Médio,Médio,Médio,Alto,Alto,Alto,Alto,Alto,Médio,Alto,Médio,Alto,Muito Alto,Médio,Alto,Médio,Muito Alto,Médio,Muito Alto,Baixo,Muito Alto,Muito Alto,Baixo,Baixo,Alto,Alto,Alto,Média
Sofala,Chibabava,Médio,Baixo,Baixo,Muito Alto,Alta,Muito Alto,Muito Baixo,Muito Alto,Muito Baixo,Médio,Médio,Médio,Médio,Alto,Alto,Alto,Alto,Alto,Médio,Alto,Médio,Alto,Muito Alto,Médio,Alto,Médio,Muito Alto,Médio,Muito Alto,Baixo,Muito Alto,Muito Alto,Baixo,Baixo,Alto,Alto,Alto,Média
Sofala,Cidade Da Beira,Muito Alto,Muito Alto,Muito Alto,Muito Alto,Baixa,Muito Alto,Muito Baixo,Muito Alto,Muito Baixo,Médio,Médio,Médio,Médio,Alto,Alto,Alto,Alto,Alto,Médio,Alto,Médio,Alto,Muito Alto,Médio,Alto,Médio,Muito Alto,Médio,Muito Alto,Baixo,Muito Alto,Muito Alto,Baixo,Baixo,Alto,Alto,Alto,Média
Sofala,Dondo,Muito Alto,Alto,Muito Alto,Muito Alto,Muito Alta,Médio,Médio,Muito Alto,Médio,Médio,Médio,Médio,Médio,Alto,Alto,Alto,Alto,Alto,Médio,Alto,Médio,Alto,Muito Alto,Médio,Alto,Médio,Muito Alto,Médio,Muito Alto,Baixo,Muito Alto,Muito Alto,Baixo,Baixo,Alto,Alto,Alto,Média
Sofala,Gorongosa,Médio,Muito Baixo,Baixo,Muito Alto,Média,Alto,Baixo,Muito Alto,Muito Baixo,Médio,Médio,Médio,Médio,Alto,Alto,Alto,Alto,Alto,Médio,Alto,Médio,Alto,Muito Alto,Médio,Alto,Médio,Muito Alto,Médio,Muito Alto,Baixo,Muito Alto,Muito Alto,Baixo,Baixo,Alto,Alto,Alto,Média
Sofala,Machanga,Médio,Muito Baixo,Baixo,Médio,Alta,Muito Alto,Médio,Muito Alto,Médio,Médio,Médio,Médio,Médio,Alto,Alto,Alto,Alto,Alto,Médio,Alto,Médio,Alto,Muito Alto,Médio,Alto,Médio,Muito Alto,Médio,Muito Alto,Baixo,Muito Alto,Muito Alto,Baixo,Baixo,Alto,Alto,Alto,Média
Sofala,Maringue,Baixo,Muito Baixo,Baixo,Muito Alto,Média,Muito Alto,Médio,Muito Alto,Muito Baixo,Médio,Médio,Médio,Médio,Alto,Alto,Alto,Alto,Alto,Médio,Alto,Médio,Alto,Muito Alto,Médio,Alto,Médio,Muito Alto,Médio,Muito Alto,Baixo,Muito Alto,Muito Alto,Baixo,Baixo,Alto,Alto,Alto,Média
Sofala,Marromeu,Muito Baixo,Muito Baixo,Muito Baixo,Muito Alto,Média,Médio,Médio,Muito Alto,Médio,Médio,Médio,Médio,Médio,Alto,Alto,Alto,Alto,Alto,Médio,Alto,Médio,Alto,Muito Alto,Médio,Alto,Médio,Muito Alto,Médio,Muito Alto,Baixo,Muito Alto,Muito Alto,Baixo,Baixo,Alto,Alto,Alto,Média
Sofala,Muanza,Baixo,Muito Baixo,Baixo,Muito Alto,Muito Alta,Baixo,Alto,Muito Alto,Médio,Médio,Médio,Médio,Médio,Alto,Alto,Alto,Alto,Alto,Médio,Alto,Médio,Alto,Muito Alto,Médio,Alto,Médio,Muito Alto,Médio,Muito Alto,Baixo,Muito Alto,Muito Alto,Baixo,Baixo,Alto,Alto,Alto,Média
Sofala,Nhamatanda,Alto,Alto,Alto,Muito Alto,Baixa,Muito Alto,Médio,Muito Alto,Baixo,Médio,Médio,Médio,Médio,Alto,Alto,Alto,Alto,Alto,Médio,Alto,Médio,Alto,Muito Alto,Médio,Alto,Médio,Muito Alto,Médio,Muito Alto,Baixo,Muito Alto,Muito Alto,Baixo,Baixo,Alto,Alto,Alto,Média
Tete,Angonia,Baixo,Médio,Médio,Muito Alto,Muito Baixa,Muito Baixo,Alto,Muito Alto,Médio,Muito Baixo,Muito Baixo,Baixo,Baixo,Baixo,Médio,Muito Alto,Baixo,Muito Baixo,Baixo,Muito Baixo,Médio,Muito Baixo,Muito Alto,Baixo,Muito Baixo,Baixo,Médio,Alto,Médio,Médio,Baixo,Muito Alto,Médio,Alto,Médio,Muito Alto,Alto,Média
Tete,Cahora Bassa,Baixo,Muito Alto,Médio,Médio,Baixa,Muito Baixo,Muito Alto,Muito Alto,Muito Alto,Muito Baixo,Muito Baixo,Baixo,Baixo,Baixo,Médio,Muito Alto,Baixo,Muito Baixo,Baixo,Muito Baixo,Médio,Muito Baixo,Muito Alto,Baixo,Muito Baixo,Baixo,Médio,Alto,Médio,Médio,Baixo,Muito Alto,Médio,Alto,Médio,Muito Alto,Alto,Média
Tete,Changara,Muito Baixo,Médio,Baixo,Muito Alto,Alta,Baixo,Alto,Muito Alto,Alto,Muito Baixo,Muito Baixo,Baixo,Baixo,Baixo,Médio,Muito Alto,Baixo,Muito Baixo,Baixo,Muito Baixo,Médio,Muito Baixo,Muito Alto,Baixo,Muito Baixo,Baixo,Médio,Alto,Médio,Médio,Baixo,Muito Alto,Médio,Alto,Médio,Muito Alto,Alto,Média
Tete,Chifunde,Muito Baixo,Médio,Muito Baixo,Muito Alto,Baixa,Muito Baixo,Alto,Muito Alto,Alto,Muito Baixo,Muito Baixo,Baixo,Baixo,Baixo,Médio,Muito Alto,Baixo,Muito Baixo,Baixo,Muito Baixo,Médio,Muito Baixo,Muito Alto,Baixo,Muito Baixo,Baixo,Médio,Alto,Médio,Médio,Baixo,Muito Alto,Médio,Alto,Médio,Muito Alto,Alto,Média
Tete,Chiuta,Muito Baixo,Alto,Alto,Muito Alto,Alta,Muito Baixo,Alto,Muito Alto,Alto,Muito Baixo,Muito Baixo,Baixo,Baixo,Baixo,Médio,Muito Alto,Baixo,Muito Baixo,Baixo,Muito Baixo,Médio,Muito Baixo,Muito Alto,Baixo,Muito Baixo,Baixo,Médio,Alto,Médio,Médio,Baixo,Muito Alto,Médio,Alto,Médio,Muito Alto,Alto,Média
Tete,Cidade De Tete,Muito Alto,Muito Alto,Muito Alto,Muito Alto,Muito Baixa,Muito Baixo,Baixo,Muito Alto,Baixo,Muito Baixo,Muito Baixo,Baixo,Baixo,Baixo,Médio,Muito Alto,Baixo,Muito Baixo,Baixo,Muito Baixo,Médio,Muito Baixo,Muito Alto,Baixo,Muito Baixo,Baixo,Médio,Alto,Médio,Médio,Baixo,Muito Alto,Médio,Alto,Médio,Muito Alto,Alto,Média
Tete,Doa,Muito Baixo,Médio,Médio,Baixo,Baixa,Muito Baixo,Muito Alto,Muito Alto,Muito Alto,Muito Baixo,Muito Baixo,Baixo,Baixo,Baixo,Médio,Muito Alto,Baixo,Muito Baixo,Baixo,Muito Baixo,Médio,Muito Baixo,Muito Alto,Baixo,Muito Baixo,Baixo,Médio,Alto,Médio,Médio,Baixo,Muito Alto,Médio,Alto,Médio,Muito Alto,Alto,Média
Tete,Macanga,Muito Baixo,Muito Baixo,Baixo,Muito Alto,Baixa,Muito Baixo,Alto,Muito Alto,Alto,Muito Baixo,Muito Baixo,Baixo,Baixo,Baixo,Médio,Muito Alto,Baixo,Muito Baixo,Baixo,Muito Baixo,Médio,Muito Baixo,Muito Alto,Baixo,Muito Baixo,Baixo,Médio,Alto,Médio,Médio,Baixo,Muito Alto,Médio,Alto,Médio,Muito Alto,Alto,Média
Tete,Magoe,Muito Baixo,Muito Baixo,Médio,Muito Alto,Baixa,Muito Baixo,Muito Alto,Muito Alto,Muito Alto,Muito Baixo,Muito Baixo,Baixo,Baixo,Baixo,Médio,Muito Alto,Baixo,Muito Baixo,Baixo,Muito Baixo,Médio,Muito Baixo,Muito Alto,Baixo,Muito Baixo,Baixo,Médio,Alto,Médio,Médio,Baixo,Muito Alto,Médio,Alto,Médio,Muito Alto,Alto,Média
Tete,Marara,Muito Baixo,Baixo,Baixo,Alto,Baixa,Muito Baixo,Alto,Muito Alto,Alto,Muito Baixo,Muito Baixo,Baixo,Baixo,Baixo,Médio,Muito Alto,Baixo,Muito Baixo,Baixo,Muito Baixo,Médio,Muito Baixo,Muito Alto,Baixo,Muito Baixo,Baixo,Médio,Alto,Médio,Médio,Baixo,Muito Alto,Médio,Alto,Médio,Muito Alto,Alto,Média
Tete,Maravia,Muito Baixo,Médio,Médio,Muito Alto,Baixa,Muito Baixo,Alto,Muito Alto,Alto,Muito Baixo,Muito Baixo,Baixo,Baixo,Baixo,Médio,Muito Alto,Baixo,Muito Baixo,Baixo,Muito Baixo,Médio,Muito Baixo,Muito Alto,Baixo,Muito Baixo,Baixo,Médio,Alto,Médio,Médio,Baixo,Muito Alto,Médio,Alto,Médio,Muito Alto,Alto,Média
Tete,Moatize,Muito Baixo,Médio,Médio,Muito Alto,Baixa,Muito Baixo,Baixo,Muito Alto,Baixo,Muito Baixo,Muito Baixo,Baixo,Baixo,Baixo,Médio,Muito Alto,Baixo,Muito Baixo,Baixo,Muito Baixo,Médio,Muito Baixo,Muito Alto,Baixo,Muito Baixo,Baixo,Médio,Alto,Médio,Médio,Baixo,Muito Alto,Médio,Alto,Médio,Muito Alto,Alto,Média
Tete,Mutarara,Muito Baixo,Médio,Médio,Médio,Baixa,Muito Baixo,Alto,Muito Alto,Alto,Muito Baixo,Muito Baixo,Baixo,Baixo,Baixo,Médio,Muito Alto,Baixo,Muito Baixo,Baixo,Muito Baixo,Médio,Muito Baixo,Muito Alto,Baixo,Muito Baixo,Baixo,Médio,Alto,Médio,Médio,Baixo,Muito Alto,Médio,Alto,Médio,Muito Alto,Alto,Média
Tete,Tsangano,Médio,Médio,Médio,Muito Alto,Baixa,Muito Baixo,Médio,Muito Alto,Médio,Muito Baixo,Muito Baixo,Baixo,Baixo,Baixo,Médio,Muito Alto,Baixo,Muito Baixo,Baixo,Muito Baixo,Médio,Muito Baixo,Muito Alto,Baixo,Muito Baixo,Baixo,Médio,Alto,Médio,Médio,Baixo,Muito Alto,Médio,Alto,Médio,Muito Alto,Alto,Média
Tete,Zumbu,Muito Baixo,Médio,Médio,Muito Alto,Baixa,Muito Baixo,Médio,Muito Alto,Médio,Muito Baixo,Muito Baixo,Baixo,Baixo,Baixo,Médio,Muito Alto,Baixo,Muito Baixo,Baixo,Muito Baixo,Médio,Muito Baixo,Muito Alto,Baixo,Muito Baixo,Baixo,Médio,Alto,Médio,Médio,Baixo,Muito Alto,Médio,Alto,Médio,Muito Alto,Alto,Média
Zambezia,Alto Molocue,Baixo,Médio,Muito Baixo,Muito Alto,Baixa,Muito Alto,Alto,Muito Alto,Médio,Muito Baixo,Muito Baixo,Muito Baixo,Muito Baixo,Muito Baixo,Muito Baixo,Médio,Baixo,Baixo,Muito Baixo,Baixo,Muito Baixo,Baixo,Alto,Muito Baixo,Baixo,Muito Baixo,Muito Baixo,Muito Baixo,Muito Alto,Médio,Médio,Baixo,Médio,Alto,Muito Alto,Alto,Baixo,Alta
Zambezia,Chinde,Médio,Baixo,Muito Baixo,Alto,Muito Alta,Alto,Alto,Muito Alto,Alto,Muito Baixo,Muito Baixo,Muito Baixo,Muito Baixo,Muito Baixo,Muito Baixo,Médio,Baixo,Baixo,Muito Baixo,Baixo,Muito Baixo,Baixo,Alto,Muito Baixo,Baixo,Muito Baixo,Muito Baixo,Muito Baixo,Muito Alto,Médio,Médio,Baixo,Médio,Alto,Muito Alto,Alto,Baixo,Alta
Zambezia,Cidade De Quelimane,Muito Alto,Muito Alto,Muito Alto,Muito Alto,Alta,Alto,Baixo,Muito Alto,Muito Baixo,Muito Baixo,Muito Baixo,Muito Baixo,Muito Baixo,Muito Baixo,Muito Baixo,Médio,Baixo,Baixo,Muito Baixo,Baixo,Muito Baixo,Baixo,Alto,Muito Baixo,Baixo,Muito Baixo,Muito Baixo,Muito Baixo,Muito Alto,Médio,Médio,Baixo,Médio,Alto,Muito Alto,Alto,Baixo,Alta
Zambezia,Derre,Médio,Muito Baixo,Muito Baixo,Alto,Muito Alta,Alto,Alto,Muito Alto,Alto,Muito Baixo,Muito Baixo,Muito Baixo,Muito Baixo,Muito Baixo,Muito Baixo,Médio,Baixo,Baixo,Muito Baixo,Baixo,Muito Baixo,Baixo,Alto,Muito Baixo,Baixo,Muito Baixo,Muito Baixo,Muito Baixo,Muito Alto,Médio,Médio,Baixo,Médio,Alto,Muito Alto,Alto,Baixo,Alta
Zambezia,Gile,Baixo,Baixo,Muito Baixo,Alto,Baixa,Baixo,Alto,Muito Alto,Médio,Muito Baixo,Muito Baixo,Muito Baixo,Muito Baixo,Muito Baixo,Muito Baixo,Médio,Baixo,Baixo,Muito Baixo,Baixo,Muito Baixo,Baixo,Alto,Muito Baixo,Baixo,Muito Baixo,Muito Baixo,Muito Baixo,Muito Alto,Médio,Médio,Baixo,Médio,Alto,Muito Alto,Alto,Baixo,Alta
Zambezia,Gurue,Médio,Baixo,Muito Baixo,Alto,Muito Alta,Alto,Médio,Muito Alto,Médio,Muito Baixo,Muito Baixo,Muito Baixo,Muito Baixo,Muito Baixo,Muito Baixo,Médio,Baixo,Baixo,Muito Baixo,Baixo,Muito Baixo,Baixo,Alto,Muito Baixo,Baixo,Muito Baixo,Muito Baixo,Muito Baixo,Muito Alto,Médio,Médio,Baixo,Médio,Alto,Muito Alto,Alto,Baixo,Alta
Zambezia,Ile,Muito Baixo,Baixo,Muito Baixo,Alto,Média,Baixo,Alto,Muito Alto,Alto,Muito Baixo,Muito Baixo,Muito Baixo,Muito Baixo,Muito Baixo,Muito Baixo,Médio,Baixo,Baixo,Muito Baixo,Baixo,Muito Baixo,Baixo,Alto,Muito Baixo,Baixo,Muito Baixo,Muito Baixo,Muito Baixo,Muito Alto,Médio,Médio,Baixo,Médio,Alto,Muito Alto,Alto,Baixo,Alta
Zambezia,Inhassunge,Baixo,Baixo,Muito Baixo,Alto,Média,Médio,Alto,Muito Alto,Alto,Muito Baixo,Muito Baixo,Muito Baixo,Muito Baixo,Muito Baixo,Muito Baixo,Médio,Baixo,Baixo,Muito Baixo,Baixo,Muito Baixo,Baixo,Alto,Muito Baixo,Baixo,Muito Baixo,Muito Baixo,Muito Baixo,Muito Alto,Médio,Médio,Baixo,Médio,Alto,Muito Alto,Alto,Baixo,Alta
Zambezia,Luabo,Baixo,Baixo,Muito Baixo,Alto,Muito Alta,Alto,Alto,Muito Alto,Alto,Muito Baixo,Muito Baixo,Muito Baixo,Muito Baixo,Muito Baixo,Muito Baixo,Médio,Baixo,Baixo,Muito Baixo,Baixo,Muito Baixo,Baixo,Alto,Muito Baixo,Baixo,Muito Baixo,Muito Baixo,Muito Baixo,Muito Alto,Médio,Médio,Baixo,Médio,Alto,Muito Alto,Alto,Baixo,Alta
Zambezia,Lugela,Baixo,Baixo,Médio,Alto,Alta,Muito Alto,Muito Alto,Muito Alto,Muito Alto,Muito Baixo,Muito Baixo,Muito Baixo,Muito Baixo,Muito Baixo,Muito Baixo,Médio,Baixo,Baixo,Muito Baixo,Baixo,Muito Baixo,Baixo,Alto,Muito Baixo,Baixo,Muito Baixo,Muito Baixo,Muito Baixo,Muito Alto,Médio,Médio,Baixo,Médio,Alto,Muito Alto,Alto,Baixo,Alta
Zambezia,Maganja Da Costa,Baixo,Baixo,Muito Baixo,Alto,Muito Alta,Médio,Muito Alto,Muito Alto,Muito Alto,Muito Baixo,Muito Baixo,Muito Baixo,Muito Baixo,Muito Baixo,Muito Baixo,Médio,Baixo,Baixo,Muito Baixo,Baixo,Muito Baixo,Baixo,Alto,Muito Baixo,Baixo,Muito Baixo,Muito Baixo,Muito Baixo,Muito Alto,Médio,Médio,Baixo,Médio,Alto,Muito Alto,Alto,Baixo,Alta
Zambezia,Maquival,Baixo,Médio,Baixo,Alto,Muito Alta,Alto,Alto,Muito Alto,Alto,Muito Baixo,Muito Baixo,Muito Baixo,Muito Baixo,Muito Baixo,Muito Baixo,Médio,Baixo,Baixo,Muito Baixo,Baixo,Muito Baixo,Baixo,Alto,Muito Baixo,Baixo,Muito Baixo,Muito Baixo,Muito Baixo,Muito Alto,Médio,Médio,Baixo,Médio,Alto,Muito Alto,Alto,Baixo,Alta
Zambezia,Milange,Alto,Alto,Alto,Muito Baixo,Muito Alta,Alto,Médio,Muito Alto,Médio,Muito Baixo,Muito Baixo,Muito Baixo,Muito Baixo,Muito Baixo,Muito Baixo,Médio,Baixo,Baixo,Muito Baixo,Baixo,Muito Baixo,Baixo,Alto,Muito Baixo,Baixo,Muito Baixo,Muito Baixo,Muito Baixo,Muito Alto,Médio,Médio,Baixo,Médio,Alto,Muito Alto,Alto,Baixo,Alta
Zambezia,Mocuba,Alto,Alto,Alto,Alto,Baixa,Baixo,Médio,Muito Alto,Baixo,Muito Baixo,Muito Baixo,Muito Baixo,Muito Baixo,Muito Baixo,Muito Baixo,Médio,Baixo,Baixo,Muito Baixo,Baixo,Muito Baixo,Baixo,Alto,Muito Baixo,Baixo,Muito Baixo,Muito Baixo,Muito Baixo,Muito Alto,Médio,Médio,Baixo,Médio,Alto,Muito Alto,Alto,Baixo,Alta
Zambezia,Mocubela,Baixo,Baixo,Muito Baixo,Alto,Muito Alta,Alto,Alto,Muito Alto,Alto,Muito Baixo,Muito Baixo,Muito Baixo,Muito Baixo,Muito Baixo,Muito Baixo,Médio,Baixo,Baixo,Muito Baixo,Baixo,Muito Baixo,Baixo,Alto,Muito Baixo,Baixo,Muito Baixo,Muito Baixo,Muito Baixo,Muito Alto,Médio,Médio,Baixo,Médio,Alto,Muito Alto,Alto,Baixo,Alta
Zambezia,Molumbo,Muito Baixo,Médio,Muito Baixo,Alto,Muito Alta,Alto,Muito Alto,Muito Alto,Alto,Muito Baixo,Muito Baixo,Muito Baixo,Muito Baixo,Muito Baixo,Muito Baixo,Médio,Baixo,Baixo,Muito Baixo,Baixo,Muito Baixo,Baixo,Alto,Muito Baixo,Baixo,Muito Baixo,Muito Baixo,Muito Baixo,Muito Alto,Médio,Médio,Baixo,Médio,Alto,Muito Alto,Alto,Baixo,Alta
Zambezia,Mopeia,Alto,Médio,Alto,Alto,Média,Médio,Alto,Muito Alto,Médio,Muito Baixo,Muito Baixo,Muito Baixo,Muito Baixo,Muito Baixo,Muito Baixo,Médio,Baixo,Baixo,Muito Baixo,Baixo,Muito Baixo,Baixo,Alto,Muito Baixo,Baixo,Muito Baixo,Muito Baixo,Muito Baixo,Muito Alto,Médio,Médio,Baixo,Médio,Alto,Muito Alto,Alto,Baixo,Alta
Zambezia,Morrumbala,Alto,Médio,Médio,Médio,Muito Alta,Alto,Médio,Muito Alto,Baixo,Muito Baixo,Muito Baixo,Muito Baixo,Muito Baixo,Muito Baixo,Muito Baixo,Médio,Baixo,Baixo,Muito Baixo,Baixo,Muito Baixo,Baixo,Alto,Muito Baixo,Baixo,Muito Baixo,Muito Baixo,Muito Baixo,Muito Alto,Médio,Médio,Baixo,Médio,Alto,Muito Alto,Alto,Baixo,Alta
Zambezia,Mulevala,Muito Baixo,Muito Baixo,Muito Baixo,Alto,Muito Alta,Alto,Muito Alto,Muito Alto,Alto,Muito Baixo,Muito Baixo,Muito Baixo,Muito Baixo,Muito Baixo,Muito Baixo,Médio,Baixo,Baixo,Muito Baixo,Baixo,Muito Baixo,Baixo,Alto,Muito Baixo,Baixo,Muito Baixo,Muito Baixo,Muito Baixo,Muito Alto,Médio,Médio,Baixo,Médio,Alto,Muito Alto,Alto,Baixo,Alta
Zambezia,Namacurra,Médio,Alto,Alto,Baixo,Muito Alta,Alto,Médio,Muito Alto,Médio,Muito Baixo,Muito Baixo,Muito Baixo,Muito Baixo,Muito Baixo,Muito Baixo,Médio,Baixo,Baixo,Muito Baixo,Baixo,Muito Baixo,Baixo,Alto,Muito Baixo,Baixo,Muito Baixo,Muito Baixo,Muito Baixo,Muito Alto,Médio,Médio,Baixo,Médio,Alto,Muito Alto,Alto,Baixo,Alta
Zambezia,Namarroi,Muito Baixo,Muito Baixo,Muito Baixo,Alto,Muito Alta,Alto,Muito Alto,Muito Alto,Muito Alto,Muito Baixo,Muito Baixo,Muito Baixo,Muito Baixo,Muito Baixo,Muito Baixo,Médio,Baixo,Baixo,Muito Baixo,Baixo,Muito Baixo,Baixo,Alto,Muito Baixo,Baixo,Muito Baixo,Muito Baixo,Muito Baixo,Muito Alto,Médio,Médio,Baixo,Médio,Alto,Muito Alto,Alto,Baixo,Alta
Zambezia,Nicoadala,Muito Alto,Médio,Médio,Baixo,Muito Alta,Alto,Alto,Muito Alto,Alto,Muito Baixo,Muito Baixo,Muito Baixo,Muito Baixo,Muito Baixo,Muito Baixo,Médio,Baixo,Baixo,Muito Baixo,Baixo,Muito Baixo,Baixo,Alto,Muito Baixo,Baixo,Muito Baixo,Muito Baixo,Muito Baixo,Muito Alto,Médio,Médio,Baixo,Médio,Alto,Muito Alto,Alto,Baixo,Alta
Zambezia,Pebane,Médio,Baixo,Baixo,Alto,Muito Alta,Alto,Médio,Muito Alto,Médio,Muito Baixo,Muito Baixo,Muito Baixo,Muito Baixo,Muito Baixo,Muito Baixo,Médio,Baixo,Baixo,Muito Baixo,Baixo,Muito Baixo,Baixo,Alto,Muito Baixo,Baixo,Muito Baixo,Muito Baixo,Muito Baixo,Muito Alto,Médio,Médio,Baixo,Médio,Alto,Muito Alto,Alto,Baixo,Alta
