adm2_name,adm2_name1,adm2_name2,adm2_name3,adm2_pcode,adm1_name,adm1_name1,adm1_name2,adm1_name3,adm1_pcode,adm0_name,adm0_name1,adm0_name2,adm0_name3,adm0_pcode,valid_on,valid_to,area_sqkm,cod_version,lang,lang1,lang2,lang3,adm0_en,adm2_ref_name,center_lat,center_lon
Alto Molocue,,,,MZ1101,Zambezia,,,,MZ11,Moçambique,,,,MZ,07/06/19,,6340.00369,V_01,pt,,,,Mozambique,Alto Molocue,-15.70281915,37.68077558
Ancuabe,,,,MZ0101,Cabo Delgado,,,,MZ01,Moçambique,,,,MZ,07/06/19,,4921.244265,V_01,pt,,,,Mozambique,Ancuabe,-12.94377767,39.74416937
Angoche,,,,MZ0701,Nampula,,,,MZ07,Moçambique,,,,MZ,07/06/19,,3018.51453,V_01,pt,,,,Mozambique,Angoche,-16.09496197,39.75708916
Angonia,,,,MZ1001,Tete,,,,MZ10,Moçambique,,,,MZ,07/06/19,,3260.407476,V_01,pt,,,,Mozambique,Angonia,-14.76859553,34.14376058
Balama,,,,MZ0102,Cabo Delgado,,,,MZ01,Moçambique,,,,MZ,07/06/19,,5497.603691,V_01,pt,,,,Mozambique,Balama,-13.53985709,38.36463871
Barue,,,,MZ0401,Manica,,,,MZ04,Moçambique,,,,MZ,07/06/19,,5774.694873,V_01,pt,,,,Mozambique,Barue,-17.9546064,33.17919604
Bilene,,,,MZ0201,Gaza,,,,MZ02,Moçambique,,,,MZ,07/06/19,,1664.319543,V_01,pt,,,,Mozambique,Bilene,-25.0720017,33.13600225
Boane,,,,MZ0501,Maputo,,,,MZ05,Moçambique,,,,MZ,07/06/19,,804.8593292,V_01,pt,,,,Mozambique,Boane,-26.02902667,32.385002
Buzi,,,,MZ0901,Sofala,,,,MZ09,Moçambique,,,,MZ,07/06/19,,7226.488916,V_01,pt,,,,Mozambique,Buzi,-20.0740969,34.35770446
Cahora Bassa,,,,MZ1002,Tete,,,,MZ10,Moçambique,,,,MZ,07/06/19,,8846.986903,V_01,pt,,,,Mozambique,Cahora Bassa,-16.07962742,32.44225411
Caia,,,,MZ0902,Sofala,,,,MZ09,Moçambique,,,,MZ,07/06/19,,3583.805984,V_01,pt,,,,Mozambique,Caia,-17.80075522,35.09050947
Changara,,,,MZ1003,Tete,,,,MZ10,Moçambique,,,,MZ,07/06/19,,6148.174336,V_01,pt,,,,Mozambique,Changara,-16.66089516,33.05037657
Chemba,,,,MZ0903,Sofala,,,,MZ09,Moçambique,,,,MZ,07/06/19,,3977.57187,V_01,pt,,,,Mozambique,Chemba,-17.22630996,34.65169462
Cheringoma,,,,MZ0904,Sofala,,,,MZ09,Moçambique,,,,MZ,07/06/19,,7103.764672,V_01,pt,,,,Mozambique,Cheringoma,-18.48761469,35.05105122
Chibabava,,,,MZ0905,Sofala,,,,MZ09,Moçambique,,,,MZ,07/06/19,,6994.774983,V_01,pt,,,,Mozambique,Chibabava,-20.29887133,33.7765097
Chibuto,,,,MZ0202,Gaza,,,,MZ02,Moçambique,,,,MZ,07/06/19,,5605.478085,V_01,pt,,,,Mozambique,Chibuto,-24.26561311,33.54905664
Chicualacuala,,,,MZ0203,Gaza,,,,MZ02,Moçambique,,,,MZ,07/06/19,,11391.74918,V_01,pt,,,,Mozambique,Chicualacuala,-22.72903558,31.6488796
Chifunde,,,,MZ1004,Tete,,,,MZ10,Moçambique,,,,MZ,07/06/19,,9404.796867,V_01,pt,,,,Mozambique,Chifunde,-14.71221333,32.83057955
Chigubo,,,,MZ0204,Gaza,,,,MZ02,Moçambique,,,,MZ,07/06/19,,10120.04477,V_01,pt,,,,Mozambique,Chigubo,-22.96543771,33.43321084
Chimbonila,,,,MZ0801,Niassa,,,,MZ08,Moçambique,,,,MZ,07/06/19,,5417.300121,V_01,pt,,,,Mozambique,Chimbonila,-13.42345278,35.33915529
Chinde,,,,MZ1102,Zambezia,,,,MZ11,Moçambique,,,,MZ,07/06/19,,3117.018427,V_01,pt,,,,Mozambique,Chinde,-18.46787186,36.44604098
Chiure,,,,MZ0103,Cabo Delgado,,,,MZ01,Moçambique,,,,MZ,07/06/19,,5372.19179,V_01,pt,,,,Mozambique,Chiure,-13.5455009,39.66150241
Chiuta,,,,MZ1005,Tete,,,,MZ10,Moçambique,,,,MZ,07/06/19,,7124.252161,V_01,pt,,,,Mozambique,Chiuta,-15.50967022,33.44035583
Chokwe,,,,MZ0205,Gaza,,,,MZ02,Moçambique,,,,MZ,07/06/19,,2444.423714,V_01,pt,,,,Mozambique,Chokwe,-24.48702421,32.86039185
Chongoene,,,,MZ0206,Gaza,,,,MZ02,Moçambique,,,,MZ,07/06/19,,1445.91813,V_01,pt,,,,Mozambique,Chongoene,-24.884597,33.86218413
Cidade Da Beira,,,,MZ0906,Sofala,,,,MZ09,Moçambique,,,,MZ,07/06/19,,630.5879265,V_01,pt,,,,Mozambique,Cidade Da Beira,-19.73519889,34.90363919
Cidade Da Matola,,,,MZ0502,Maputo,,,,MZ05,Moçambique,,,,MZ,07/06/19,,367.6734164,V_01,pt,,,,Mozambique,Cidade Da Matola,-25.84427623,32.48712412
Cidade De Chimoio,,,,MZ0402,Manica,,,,MZ04,Moçambique,,,,MZ,07/06/19,,174.4207951,V_01,pt,,,,Mozambique,Cidade De Chimoio,-19.13449268,33.45602056
Cidade De Inhambane,,,,MZ0301,Inhambane,,,,MZ03,Moçambique,,,,MZ,07/06/19,,194.9330872,V_01,pt,,,,Mozambique,Cidade De Inhambane,-23.87363489,35.51501771
Cidade De Lichinga,,,,MZ0802,Niassa,,,,MZ08,Moçambique,,,,MZ,07/06/19,,256.432646,V_01,pt,,,,Mozambique,Cidade De Lichinga,-13.30644444,35.26432424
Cidade De Maputo,,,,MZ0601,Maputo City,,,,MZ06,Moçambique,,,,MZ,07/06/19,,347.0238678,V_01,pt,,,,Mozambique,Cidade De Maputo,-26.03137641,32.54974244
Cidade De Nampula,,,,MZ0702,Nampula,,,,MZ07,Moçambique,,,,MZ,07/06/19,,330.070095,V_01,pt,,,,Mozambique,Cidade De Nampula,-15.11486111,39.25954671
Cidade De Pemba,,,,MZ0104,Cabo Delgado,,,,MZ01,Moçambique,,,,MZ,07/06/19,,100.3492198,V_01,pt,,,,Mozambique,Cidade De Pemba,-13.03077417,40.54006321
Cidade De Quelimane,,,,MZ1103,Zambezia,,,,MZ11,Moçambique,,,,MZ,07/06/19,,121.6622364,V_01,pt,,,,Mozambique,Cidade De Quelimane,-17.86662252,36.89734531
Cidade De Tete,,,,MZ1006,Tete,,,,MZ10,Moçambique,,,,MZ,07/06/19,,287.2782571,V_01,pt,,,,Mozambique,Cidade De Tete,-16.15839768,33.57980834
Cidade De Xai-Xai,,,,MZ0207,Gaza,,,,MZ02,Moçambique,,,,MZ,07/06/19,,135.2780268,V_01,pt,,,,Mozambique,Cidade De Xai-Xai,-25.05006991,33.662001
Cuamba,,,,MZ0803,Niassa,,,,MZ08,Moçambique,,,,MZ,07/06/19,,5343.690557,V_01,pt,,,,Mozambique,Cuamba,-14.74874494,36.596751
Derre,,,,MZ1104,Zambezia,,,,MZ11,Moçambique,,,,MZ,07/06/19,,4746.788288,V_01,pt,,,,Mozambique,Derre,-17.05683996,36.12293874
Doa,,,,MZ1007,Tete,,,,MZ10,Moçambique,,,,MZ,07/06/19,,3634.096442,V_01,pt,,,,Mozambique,Doa,-16.60597182,34.44525075
Dondo,,,,MZ0907,Sofala,,,,MZ09,Moçambique,,,,MZ,07/06/19,,2308.075493,V_01,pt,,,,Mozambique,Dondo,-19.4392455,34.80937134
Erati,,,,MZ0703,Nampula,,,,MZ07,Moçambique,,,,MZ,07/06/19,,5700.684058,V_01,pt,,,,Mozambique,Erati,-13.88714122,39.69587883
Funhalouro,,,,MZ0302,Inhambane,,,,MZ03,Moçambique,,,,MZ,07/06/19,,13621.4735,V_01,pt,,,,Mozambique,Funhalouro,-22.93523913,34.26614037
Gile,,,,MZ1105,Zambezia,,,,MZ11,Moçambique,,,,MZ,07/06/19,,8977.016811,V_01,pt,,,,Mozambique,Gile,-15.8807954,38.4161516
Gondola,,,,MZ0403,Manica,,,,MZ04,Moçambique,,,,MZ,07/06/19,,2682.548548,V_01,pt,,,,Mozambique,Gondola,-19.19051743,33.77583332
Gorongosa,,,,MZ0908,Sofala,,,,MZ09,Moçambique,,,,MZ,07/06/19,,6778.05663,V_01,pt,,,,Mozambique,Gorongosa,-18.64445821,34.18644778
Govuro,,,,MZ0303,Inhambane,,,,MZ03,Moçambique,,,,MZ,07/06/19,,3966.797839,V_01,pt,,,,Mozambique,Govuro,-21.31753174,34.57104093
Guija,,,,MZ0208,Gaza,,,,MZ02,Moçambique,,,,MZ,07/06/19,,4190.617117,V_01,pt,,,,Mozambique,Guija,-24.1420785,33.07137954
Guro,,,,MZ0404,Manica,,,,MZ04,Moçambique,,,,MZ,07/06/19,,6929.619066,V_01,pt,,,,Mozambique,Guro,-16.95429201,33.52558605
Gurue,,,,MZ1106,Zambezia,,,,MZ11,Moçambique,,,,MZ,07/06/19,,5643.448533,V_01,pt,,,,Mozambique,Gurue,-15.45446211,36.94104551
Homoine,,,,MZ0304,Inhambane,,,,MZ03,Moçambique,,,,MZ,07/06/19,,1916.957389,V_01,pt,,,,Mozambique,Homoine,-23.91427952,35.09478024
Ibo,,,,MZ0105,Cabo Delgado,,,,MZ01,Moçambique,,,,MZ,07/06/19,,73.85200607,V_01,pt,,,,Mozambique,Ibo,-12.36675053,40.58163787
Ile,,,,MZ1107,Zambezia,,,,MZ11,Moçambique,,,,MZ,07/06/19,,2933.488666,V_01,pt,,,,Mozambique,Ile,-15.981434,37.34878942
Ilha De Moçambique,,,,MZ0704,Nampula,,,,MZ07,Moçambique,,,,MZ,07/06/19,,181.2163706,V_01,pt,,,,Mozambique,Ilha De Mocambique,-15.05608367,40.62719065
Ilha Licom,,,,MZ0804,Niassa,,,,MZ08,Moçambique,,,,MZ,07/06/19,,29.35220133,V_01,pt,,,,Mozambique,Ilha Licom,-12.07154961,34.7277087
Ilha Risunodo,,,,MZ0805,Niassa,,,,MZ08,Moçambique,,,,MZ,07/06/19,,8.3923654,V_01,pt,,,,Mozambique,Ilha Risunodo,-12.0334247,34.61933666
Inharrime,,,,MZ0305,Inhambane,,,,MZ03,Moçambique,,,,MZ,07/06/19,,2747.420484,V_01,pt,,,,Mozambique,Inharrime,-24.4079169,34.71694108
Inhassoro,,,,MZ0306,Inhambane,,,,MZ03,Moçambique,,,,MZ,07/06/19,,4744.664458,V_01,pt,,,,Mozambique,Inhassoro,-21.71763984,34.84259526
Inhassunge,,,,MZ1108,Zambezia,,,,MZ11,Moçambique,,,,MZ,07/06/19,,754.4199457,V_01,pt,,,,Mozambique,Inhassunge,-18.0701961,36.82060509
Jangamo,,,,MZ0307,Inhambane,,,,MZ03,Moçambique,,,,MZ,07/06/19,,1292.6419,V_01,pt,,,,Mozambique,Jangamo,-24.15784973,35.27940935
Lago,,,,MZ0806,Niassa,,,,MZ08,Moçambique,,,,MZ,07/06/19,,6554.967781,V_01,pt,,,,Mozambique,Lago,-12.3382249,34.9317682
Lago Niassa,,,,MZ0807,Niassa,,,,MZ08,Moçambique,,,,MZ,07/06/19,,6932.983922,V_01,pt,,,,Mozambique,Lago Niassa,-12.52888952,34.58485361
Lalaua,,,,MZ0705,Nampula,,,,MZ07,Moçambique,,,,MZ,07/06/19,,4531.458527,V_01,pt,,,,Mozambique,Lalaua,-14.46998802,38.09457094
Larde,,,,MZ0706,Nampula,,,,MZ07,Moçambique,,,,MZ,07/06/19,,1844.082639,V_01,pt,,,,Mozambique,Larde,-16.36419882,39.46513674
Limpopo,,,,MZ0209,Gaza,,,,MZ02,Moçambique,,,,MZ,07/06/19,,1636.80877,V_01,pt,,,,Mozambique,Limpopo,-25.02778452,33.38375985
Liúpo,,,,MZ0707,Nampula,,,,MZ07,Moçambique,,,,MZ,07/06/19,,2121.207701,V_01,pt,,,,Mozambique,Liupo,-15.69364562,40.03802507
Luabo,,,,MZ1109,Zambezia,,,,MZ11,Moçambique,,,,MZ,07/06/19,,1119.504864,V_01,pt,,,,Mozambique,Luabo,-18.32316486,36.13182879
Lugela,,,,MZ1110,Zambezia,,,,MZ11,Moçambique,,,,MZ,07/06/19,,6127.503989,V_01,pt,,,,Mozambique,Lugela,-16.32914446,36.70061921
Mabalane,,,,MZ0210,Gaza,,,,MZ02,Moçambique,,,,MZ,07/06/19,,8928.851921,V_01,pt,,,,Mozambique,Mabalane,-23.58014903,32.74124724
Mabote,,,,MZ0308,Inhambane,,,,MZ03,Moçambique,,,,MZ,07/06/19,,15334.40922,V_01,pt,,,,Mozambique,Mabote,-22.10322226,33.99015111
Macanga,,,,MZ1008,Tete,,,,MZ10,Moçambique,,,,MZ,07/06/19,,7196.312615,V_01,pt,,,,Mozambique,Macanga,-14.71503718,33.53790259
Macate,,,,MZ0405,Manica,,,,MZ04,Moçambique,,,,MZ,07/06/19,,1780.222381,V_01,pt,,,,Mozambique,Macate,-19.36928412,33.53112546
Machanga,,,,MZ0909,Sofala,,,,MZ09,Moçambique,,,,MZ,07/06/19,,5716.005726,V_01,pt,,,,Mozambique,Machanga,-20.91472884,34.56549896
Machaze,,,,MZ0406,Manica,,,,MZ04,Moçambique,,,,MZ,07/06/19,,13295.64673,V_01,pt,,,,Mozambique,Machaze,-20.92701762,33.20656268
Macomia,,,,MZ0106,Cabo Delgado,,,,MZ01,Moçambique,,,,MZ,07/06/19,,4191.017706,V_01,pt,,,,Mozambique,Macomia,-12.03646541,40.16671223
Macossa,,,,MZ0407,Manica,,,,MZ04,Moçambique,,,,MZ,07/06/19,,9563.110049,V_01,pt,,,,Mozambique,Macossa,-18.03041078,33.85177958
Maganja Da Costa,,,,MZ1111,Zambezia,,,,MZ11,Moçambique,,,,MZ,07/06/19,,2872.842335,V_01,pt,,,,Mozambique,Maganja Da Costa,-17.34394687,37.43321725
Magoe,,,,MZ1009,Tete,,,,MZ10,Moçambique,,,,MZ,07/06/19,,8553.161225,V_01,pt,,,,Mozambique,Magoe,-16.01940202,31.72035827
Magude,,,,MZ0503,Maputo,,,,MZ05,Moçambique,,,,MZ,07/06/19,,6965.632593,V_01,pt,,,,Mozambique,Magude,-24.75921463,32.43831848
Majune,,,,MZ0808,Niassa,,,,MZ08,Moçambique,,,,MZ,07/06/19,,11297.7041,V_01,pt,,,,Mozambique,Majune,-13.32889169,36.4548857
Malema,,,,MZ0708,Nampula,,,,MZ07,Moçambique,,,,MZ,07/06/19,,6052.902043,V_01,pt,,,,Mozambique,Malema,-14.73545906,37.36646069
Mandimba,,,,MZ0809,Niassa,,,,MZ08,Moçambique,,,,MZ,07/06/19,,4680.20462,V_01,pt,,,,Mozambique,Mandimba,-14.23023349,35.88069575
Mandlakaze,,,,MZ0211,Gaza,,,,MZ02,Moçambique,,,,MZ,07/06/19,,2988.044283,V_01,pt,,,,Mozambique,Mandlakaze,-24.53141783,33.98655836
Manhiça,,,,MZ0504,Maputo,,,,MZ05,Moçambique,,,,MZ,07/06/19,,2365.566164,V_01,pt,,,,Mozambique,Manhica,-25.28893791,32.8827903
Manica,,,,MZ0408,Manica,,,,MZ04,Moçambique,,,,MZ,07/06/19,,2533.68437,V_01,pt,,,,Mozambique,Manica,-18.78075508,33.01611142
Mapai,,,,MZ0212,Gaza,,,,MZ02,Moçambique,,,,MZ,07/06/19,,11601.4855,V_01,pt,,,,Mozambique,Mapai,-22.6245121,32.48571191
Maquival,,,,MZ1112,Zambezia,,,,MZ11,Moçambique,,,,MZ,07/06/19,,617.4011487,V_01,pt,,,,Mozambique,Maquival,-17.82502675,37.04972572
Marara,,,,MZ1010,Tete,,,,MZ10,Moçambique,,,,MZ,07/06/19,,2715.854019,V_01,pt,,,,Mozambique,Marara,-16.05397773,33.16779296
Maravia,,,,MZ1011,Tete,,,,MZ10,Moçambique,,,,MZ,07/06/19,,16704.6608,V_01,pt,,,,Mozambique,Maravia,-15.02324493,32.03968926
Maringue,,,,MZ0910,Sofala,,,,MZ09,Moçambique,,,,MZ,07/06/19,,6149.762808,V_01,pt,,,,Mozambique,Maringue,-17.81445636,34.49703906
Marracuene,,,,MZ0505,Maputo,,,,MZ05,Moçambique,,,,MZ,07/06/19,,697.0910617,V_01,pt,,,,Mozambique,Marracuene,-25.68068181,32.67190892
Marromeu,,,,MZ0911,Sofala,,,,MZ09,Moçambique,,,,MZ,07/06/19,,5752.839537,V_01,pt,,,,Mozambique,Marromeu,-18.40446407,35.75310849
Marrupa,,,,MZ0810,Niassa,,,,MZ08,Moçambique,,,,MZ,07/06/19,,17454.78506,V_01,pt,,,,Mozambique,Marrupa,-13.03969835,37.32178011
Massangena,,,,MZ0213,Gaza,,,,MZ02,Moçambique,,,,MZ,07/06/19,,7544.553575,V_01,pt,,,,Mozambique,Massangena,-21.75089441,32.59011611
Massinga,,,,MZ0309,Inhambane,,,,MZ03,Moçambique,,,,MZ,07/06/19,,7407.988515,V_01,pt,,,,Mozambique,Massinga,-22.84631848,35.08693909
Massingir,,,,MZ0214,Gaza,,,,MZ02,Moçambique,,,,MZ,07/06/19,,5684.240607,V_01,pt,,,,Mozambique,Massingir,-23.78703779,32.06159876
Matutuine,,,,MZ0506,Maputo,,,,MZ05,Moçambique,,,,MZ,07/06/19,,5341.805546,V_01,pt,,,,Mozambique,Matutuine,-26.45114601,32.58832886
Maua,,,,MZ0811,Niassa,,,,MZ08,Moçambique,,,,MZ,07/06/19,,8046.536531,V_01,pt,,,,Mozambique,Maua,-13.89955779,36.85247908
Mavago,,,,MZ0812,Niassa,,,,MZ08,Moçambique,,,,MZ,07/06/19,,9194.609251,V_01,pt,,,,Mozambique,Mavago,-12.16685524,36.30785392
Maxixe,,,,MZ0310,Inhambane,,,,MZ03,Moçambique,,,,MZ,07/06/19,,267.7408017,V_01,pt,,,,Mozambique,Maxixe,-23.87139233,35.30300801
Mecanhelas,,,,MZ0813,Niassa,,,,MZ08,Moçambique,,,,MZ,07/06/19,,5011.005818,V_01,pt,,,,Mozambique,Mecanhelas,-14.93805323,36.12093365
Meconta,,,,MZ0709,Nampula,,,,MZ07,Moçambique,,,,MZ,07/06/19,,3677.179277,V_01,pt,,,,Mozambique,Meconta,-15.25237428,39.65904006
Mecuburi,,,,MZ0710,Nampula,,,,MZ07,Moçambique,,,,MZ,07/06/19,,7189.474053,V_01,pt,,,,Mozambique,Mecuburi,-14.4508035,38.91100451
Mecufi,,,,MZ0107,Cabo Delgado,,,,MZ01,Moçambique,,,,MZ,07/06/19,,1234.86516,V_01,pt,,,,Mozambique,Mecufi,-13.26425222,40.383512
Mecula,,,,MZ0814,Niassa,,,,MZ08,Moçambique,,,,MZ,07/06/19,,18015.4505,V_01,pt,,,,Mozambique,Mecula,-11.96954792,37.58254396
Meluco,,,,MZ0108,Cabo Delgado,,,,MZ01,Moçambique,,,,MZ,07/06/19,,5728.947497,V_01,pt,,,,Mozambique,Meluco,-12.46125497,39.70103186
Memba,,,,MZ0711,Nampula,,,,MZ07,Moçambique,,,,MZ,07/06/19,,4449.595203,V_01,pt,,,,Mozambique,Memba,-13.96617481,40.32315279
Metarica,,,,MZ0815,Niassa,,,,MZ08,Moçambique,,,,MZ,07/06/19,,4859.357994,V_01,pt,,,,Mozambique,Metarica,-14.33112104,36.97156473
Metuge,,,,MZ0109,Cabo Delgado,,,,MZ01,Moçambique,,,,MZ,07/06/19,,1588.34077,V_01,pt,,,,Mozambique,Metuge,-12.92270216,40.25105889
Milange,,,,MZ1113,Zambezia,,,,MZ11,Moçambique,,,,MZ,07/06/19,,5504.259136,V_01,pt,,,,Mozambique,Milange,-16.2308736,35.75375941
Moamba,,,,MZ0507,Maputo,,,,MZ05,Moçambique,,,,MZ,07/06/19,,4579.903134,V_01,pt,,,,Mozambique,Moamba,-25.32598612,32.31689199
Moatize,,,,MZ1012,Tete,,,,MZ10,Moçambique,,,,MZ,07/06/19,,8432.134642,V_01,pt,,,,Mozambique,Moatize,-16.01386254,33.9153229
Mocimboa Da Praia,,,,MZ0110,Cabo Delgado,,,,MZ01,Moçambique,,,,MZ,07/06/19,,3473.172057,V_01,pt,,,,Mozambique,Mocimboa Da Praia,-11.40386427,40.13622181
Mocuba,,,,MZ1114,Zambezia,,,,MZ11,Moçambique,,,,MZ,07/06/19,,8772.250128,V_01,pt,,,,Mozambique,Mocuba,-16.85196948,36.87823142
Mocubela,,,,MZ1115,Zambezia,,,,MZ11,Moçambique,,,,MZ,07/06/19,,4760.796466,V_01,pt,,,,Mozambique,Mocubela,-17.00633984,37.66126935
Mogincual,,,,MZ0712,Nampula,,,,MZ07,Moçambique,,,,MZ,07/06/19,,2283.076496,V_01,pt,,,,Mozambique,Mogincual,-15.43073945,40.06943654
Mogovolas,,,,MZ0713,Nampula,,,,MZ07,Moçambique,,,,MZ,07/06/19,,4710.889288,V_01,pt,,,,Mozambique,Mogovolas,-15.72423365,39.30138729
Molumbo,,,,MZ1116,Zambezia,,,,MZ11,Moçambique,,,,MZ,07/06/19,,4319.745005,V_01,pt,,,,Mozambique,Molumbo,-15.68256644,36.19548526
Moma,,,,MZ0714,Nampula,,,,MZ07,Moçambique,,,,MZ,07/06/19,,3910.387931,V_01,pt,,,,Mozambique,Moma,-16.3967229,39.16898926
Monapo,,,,MZ0715,Nampula,,,,MZ07,Moçambique,,,,MZ,07/06/19,,3515.010614,V_01,pt,,,,Mozambique,Monapo,-14.80784473,40.11905526
Montepuez,,,,MZ0111,Cabo Delgado,,,,MZ01,Moçambique,,,,MZ,07/06/19,,17805.08328,V_01,pt,,,,Mozambique,Montepuez,-12.62452819,38.58900665
Mopeia,,,,MZ1117,Zambezia,,,,MZ11,Moçambique,,,,MZ,07/06/19,,7656.656841,V_01,pt,,,,Mozambique,Mopeia,-17.86796297,36.05305474
Morrumbala,,,,MZ1118,Zambezia,,,,MZ11,Moçambique,,,,MZ,07/06/19,,8035.432027,V_01,pt,,,,Mozambique,Morrumbala,-17.00541977,35.5810499
Morrumbene,,,,MZ0311,Inhambane,,,,MZ03,Moçambique,,,,MZ,07/06/19,,2578.695501,V_01,pt,,,,Mozambique,Morrumbene,-23.42183231,34.93394919
Mossuril,,,,MZ0716,Nampula,,,,MZ07,Moçambique,,,,MZ,07/06/19,,3380.599333,V_01,pt,,,,Mozambique,Mossuril,-15.02141412,40.48306184
Mossurize,,,,MZ0409,Manica,,,,MZ04,Moçambique,,,,MZ,07/06/19,,5022.814115,V_01,pt,,,,Mozambique,Mossurize,-20.47212821,32.95329649
Muanza,,,,MZ0912,Sofala,,,,MZ09,Moçambique,,,,MZ,07/06/19,,7509.472122,V_01,pt,,,,Mozambique,Muanza,-19.08651419,35.11319448
Muecate,,,,MZ0717,Nampula,,,,MZ07,Moçambique,,,,MZ,07/06/19,,4106.235552,V_01,pt,,,,Mozambique,Muecate,-14.65992473,39.50311694
Mueda,,,,MZ0112,Cabo Delgado,,,,MZ01,Moçambique,,,,MZ,07/06/19,,11226.14457,V_01,pt,,,,Mozambique,Mueda,-11.56407744,39.14209393
Muembe,,,,MZ0816,Niassa,,,,MZ08,Moçambique,,,,MZ,07/06/19,,5801.869107,V_01,pt,,,,Mozambique,Muembe,-12.77786218,35.94486154
Muidumbe,,,,MZ0113,Cabo Delgado,,,,MZ01,Moçambique,,,,MZ,07/06/19,,2095.762638,V_01,pt,,,,Mozambique,Muidumbe,-11.85343754,39.82792976
Mulevala,,,,MZ1119,Zambezia,,,,MZ11,Moçambique,,,,MZ,07/06/19,,2700.984909,V_01,pt,,,,Mozambique,Mulevala,-16.37289785,37.59052582
Murrupula,,,,MZ0718,Nampula,,,,MZ07,Moçambique,,,,MZ,07/06/19,,3093.327868,V_01,pt,,,,Mozambique,Murrupula,-15.41869904,38.60319582
Mutarara,,,,MZ1013,Tete,,,,MZ10,Moçambique,,,,MZ,07/06/19,,2732.240572,V_01,pt,,,,Mozambique,Mutarara,-17.22881784,35.12361074
Nacala,,,,MZ0719,Nampula,,,,MZ07,Moçambique,,,,MZ,07/06/19,,319.0463359,V_01,pt,,,,Mozambique,Nacala,-14.54667004,40.71799334
Nacala-A-Velha,,,,MZ0720,Nampula,,,,MZ07,Moçambique,,,,MZ,07/06/19,,1133.091121,V_01,pt,,,,Mozambique,Nacala-A-Velha,-14.55625514,40.48364896
Nacaroa,,,,MZ0721,Nampula,,,,MZ07,Moçambique,,,,MZ,07/06/19,,2713.813315,V_01,pt,,,,Mozambique,Nacaroa,-14.36192847,39.91796076
Namaacha,,,,MZ0508,Maputo,,,,MZ05,Moçambique,,,,MZ,07/06/19,,2151.608593,V_01,pt,,,,Mozambique,Namaacha,-26.07357934,32.17602035
Namacurra,,,,MZ1120,Zambezia,,,,MZ11,Moçambique,,,,MZ,07/06/19,,2020.605777,V_01,pt,,,,Mozambique,Namacurra,-17.47266675,37.04264909
Namarroi,,,,MZ1121,Zambezia,,,,MZ11,Moçambique,,,,MZ,07/06/19,,3060.803959,V_01,pt,,,,Mozambique,Namarroi,-15.86944849,36.7660162
Namuno,,,,MZ0114,Cabo Delgado,,,,MZ01,Moçambique,,,,MZ,07/06/19,,5980.806965,V_01,pt,,,,Mozambique,Namuno,-13.73754201,38.90907338
Nangade,,,,MZ0115,Cabo Delgado,,,,MZ01,Moçambique,,,,MZ,07/06/19,,2966.754301,V_01,pt,,,,Mozambique,Nangade,-11.14827574,39.77719274
Ngauma,,,,MZ0817,Niassa,,,,MZ08,Moçambique,,,,MZ,07/06/19,,3005.028942,V_01,pt,,,,Mozambique,Ngauma,-13.83282689,35.51418795
Nhamatanda,,,,MZ0913,Sofala,,,,MZ09,Moçambique,,,,MZ,07/06/19,,4015.71345,V_01,pt,,,,Mozambique,Nhamatanda,-19.30528134,34.2460669
Nicoadala,,,,MZ1122,Zambezia,,,,MZ11,Moçambique,,,,MZ,07/06/19,,2763.4364,V_01,pt,,,,Mozambique,Nicoadala,-17.57301843,36.65683567
Nipepe,,,,MZ0818,Niassa,,,,MZ08,Moçambique,,,,MZ,07/06/19,,5000.269152,V_01,pt,,,,Mozambique,Nipepe,-13.90624225,37.85846137
Palma,,,,MZ0116,Cabo Delgado,,,,MZ01,Moçambique,,,,MZ,07/06/19,,3522.491028,V_01,pt,,,,Mozambique,Palma,-10.86066334,40.29213488
Panda,,,,MZ0312,Inhambane,,,,MZ03,Moçambique,,,,MZ,07/06/19,,6843.274975,V_01,pt,,,,Mozambique,Panda,-24.05715903,34.45701293
Pebane,,,,MZ1123,Zambezia,,,,MZ11,Moçambique,,,,MZ,07/06/19,,10101.81872,V_01,pt,,,,Mozambique,Pebane,-16.70941284,38.51830894
Quissanga,,,,MZ0118,Cabo Delgado,,,,MZ01,Moçambique,,,,MZ,07/06/19,,2117.896684,V_01,pt,,,,Mozambique,Quissanga,-12.57602541,40.34025893
Rapale,,,,MZ0722,Nampula,,,,MZ07,Moçambique,,,,MZ,07/06/19,,3661.693964,V_01,pt,,,,Mozambique,Rapale,-15.14205281,38.9777337
Ribaue,,,,MZ0723,Nampula,,,,MZ07,Moçambique,,,,MZ,07/06/19,,6248.311765,V_01,pt,,,,Mozambique,Ribaue,-15.01662115,38.20036785
Sanga,,,,MZ0819,Niassa,,,,MZ08,Moçambique,,,,MZ,07/06/19,,12496.05031,V_01,pt,,,,Mozambique,Sanga,-12.28824502,35.47639296
Sussundenga,,,,MZ0410,Manica,,,,MZ04,Moçambique,,,,MZ,07/06/19,,7112.614588,V_01,pt,,,,Mozambique,Sussundenga,-19.67787137,33.38296265
Tambara,,,,MZ0411,Manica,,,,MZ04,Moçambique,,,,MZ,07/06/19,,4284.518883,V_01,pt,,,,Mozambique,Tambara,-16.97504736,34.1514099
Tsangano,,,,MZ1014,Tete,,,,MZ10,Moçambique,,,,MZ,07/06/19,,3662.075047,V_01,pt,,,,Mozambique,Tsangano,-15.08845555,34.36945127
Vanduzi,,,,MZ0412,Manica,,,,MZ04,Moçambique,,,,MZ,07/06/19,,3159.779103,V_01,pt,,,,Mozambique,Vanduzi,-18.89870995,33.39158034
Vilankulo,,,,MZ0313,Inhambane,,,,MZ03,Moçambique,,,,MZ,07/06/19,,5853.474017,V_01,pt,,,,Mozambique,Vilankulo,-22.29931669,35.03752263
Zavala,,,,MZ0314,Inhambane,,,,MZ03,Moçambique,,,,MZ,07/06/19,,2011.126689,V_01,pt,,,,Mozambique,Zavala,-24.65887718,34.71052779
Zumbu,,,,MZ1015,Tete,,,,MZ10,Moçambique,,,,MZ,07/06/19,,11995.34366,V_01,pt,,,,Mozambique,Zumbu,-15.18486735,30.84958775
